user,pc,date,time,activity
user01,fileserver2,2020-03-18,00:00,usb_insert
user01,workstation9,2020-02-24,00:00,usb_insert
user01,workstation2,2020-02-06,00:00,usb_insert
user01,workstation4,2020-02-08,00:00,usb_insert
user01,workstation2,2020-01-07,00:00,usb_insert
user01,workstation4,2020-02-23,00:00,usb_insert
user01,fileserver1,2020-03-20,00:00,usb_insert
user01,workstation8,2020-01-09,00:00,usb_insert
user01,workstation2,2020-03-04,00:00,usb_insert
user01,workstation10,2020-03-09,00:00,usb_insert
user01,workstation1,2020-03-21,00:00,usb_insert
user01,workstation9,2020-03-14,00:00,usb_insert
user01,workstation4,2020-01-19,00:00,usb_insert
user02,workstation7,2020-01-01,00:00,usb_insert
user02,workstation10,2020-02-15,00:00,usb_insert
user02,workstation4,2020-03-14,00:00,usb_insert
user02,workstation7,2020-01-24,00:00,usb_insert
user02,fileserver1,2020-03-26,00:00,usb_insert
user02,workstation2,2020-03-08,00:00,usb_insert
user02,workstation6,2020-01-09,00:00,usb_insert
user02,workstation9,2020-03-10,00:00,usb_insert
user02,workstation9,2020-03-05,00:00,usb_insert
user03,workstation1,2020-02-19,00:00,usb_insert
user03,domain_controller1,2020-03-01,00:00,usb_insert
user03,workstation1,2020-03-22,00:00,usb_insert
user03,workstation7,2020-02-17,00:00,usb_insert
user03,workstation5,2020-01-03,00:00,usb_insert
user03,workstation6,2020-01-09,00:00,usb_insert
user03,workstation6,2020-01-31,00:00,usb_insert
user03,fileserver2,2020-03-25,00:00,usb_insert
user03,fileserver1,2020-01-14,00:00,usb_insert
user03,fileserver3,2020-03-15,00:00,usb_insert
user03,fileserver2,2020-02-12,00:00,usb_insert
user03,workstation3,2020-01-06,00:00,usb_insert
user03,workstation6,2020-03-10,00:00,usb_insert
user04,domain_controller1,2020-03-23,00:00,usb_insert
user04,workstation3,2020-03-28,00:00,usb_insert
user04,workstation8,2020-03-30,00:00,usb_insert
user04,workstation8,2020-03-21,00:00,usb_insert
user04,workstation3,2020-01-18,00:00,usb_insert
user04,workstation2,2020-02-28,00:00,usb_insert
user04,workstation1,2020-02-07,00:00,usb_insert
user04,workstation4,2020-01-06,00:00,usb_insert
user04,fileserver3,2020-01-26,00:00,usb_insert
user04,workstation1,2020-02-10,00:00,usb_insert
user05,workstation9,2020-02-20,00:00,usb_insert
user05,domain_controller1,2020-03-10,00:00,usb_insert
user05,workstation8,2020-02-02,00:00,usb_insert
user05,workstation1,2020-03-23,00:00,usb_insert
user05,workstation4,2020-02-06,00:00,usb_insert
user05,workstation6,2020-01-07,00:00,usb_insert
user05,domain_controller1,2020-03-24,00:00,usb_insert
user05,workstation6,2020-02-04,00:00,usb_insert
user05,workstation2,2020-02-17,00:00,usb_insert
user06,workstation7,2020-02-26,00:00,usb_insert
user06,workstation7,2020-02-13,00:00,usb_insert
user06,workstation3,2020-03-04,00:00,usb_insert
user06,fileserver2,2020-03-04,00:00,usb_insert
user06,workstation6,2020-03-07,00:00,usb_insert
user06,workstation5,2020-01-11,00:00,usb_insert
user06,fileserver2,2020-02-24,00:00,usb_insert
user06,workstation2,2020-02-25,00:00,usb_insert
user06,workstation10,2020-01-24,00:00,usb_insert
user06,workstation9,2020-02-07,00:00,usb_insert
user06,workstation6,2020-01-14,00:00,usb_insert
user07,workstation6,2020-03-25,00:00,usb_insert
user07,workstation5,2020-02-09,00:00,usb_insert
user07,workstation8,2020-03-18,00:00,usb_insert
user07,fileserver2,2020-02-24,00:00,usb_insert
user07,workstation3,2020-03-29,00:00,usb_insert
user07,workstation8,2020-02-14,00:00,usb_insert
user08,workstation1,2020-02-15,00:00,usb_insert
user08,workstation10,2020-02-25,00:00,usb_insert
user08,workstation5,2020-03-22,00:00,usb_insert
user08,fileserver3,2020-01-08,00:00,usb_insert
user08,workstation2,2020-03-26,00:00,usb_insert
user08,fileserver1,2020-02-21,00:00,usb_insert
user08,workstation6,2020-03-06,00:00,usb_insert
user08,fileserver3,2020-03-27,00:00,usb_insert
user08,workstation3,2020-01-04,00:00,usb_insert
user08,workstation3,2020-03-18,00:00,usb_insert
user08,fileserver1,2020-02-26,00:00,usb_insert
user08,workstation1,2020-01-17,00:00,usb_insert
user09,workstation4,2020-03-23,00:00,usb_insert
user09,workstation6,2020-02-16,00:00,usb_insert
user09,workstation7,2020-03-13,00:00,usb_insert
user09,workstation1,2020-03-18,00:00,usb_insert
user09,workstation3,2020-03-27,00:00,usb_insert
user09,workstation8,2020-02-17,00:00,usb_insert
user10,workstation8,2020-01-10,00:00,usb_insert
user10,workstation10,2020-01-18,00:00,usb_insert
user10,workstation9,2020-02-16,00:00,usb_insert
user10,workstation7,2020-02-10,00:00,usb_insert
user10,fileserver1,2020-02-05,00:00,usb_insert
user10,workstation4,2020-01-15,00:00,usb_insert
user10,workstation1,2020-01-24,00:00,usb_insert
user10,workstation8,2020-03-07,00:00,usb_insert
user10,workstation7,2020-03-12,00:00,usb_insert
user10,workstation2,2020-02-03,00:00,usb_insert
user11,fileserver2,2020-02-27,00:00,usb_insert
user11,workstation4,2020-03-19,00:00,usb_insert
user11,workstation5,2020-03-29,00:00,usb_insert
user11,workstation8,2020-01-26,00:00,usb_insert
user11,workstation2,2020-01-18,00:00,usb_insert
user11,domain_controller1,2020-01-10,00:00,usb_insert
user11,workstation8,2020-01-23,00:00,usb_insert
user11,fileserver2,2020-02-26,00:00,usb_insert
user11,workstation2,2020-03-28,00:00,usb_insert
user12,fileserver1,2020-02-14,00:00,usb_insert
user12,fileserver2,2020-01-09,00:00,usb_insert
user12,workstation9,2020-03-10,00:00,usb_insert
user12,workstation5,2020-02-08,00:00,usb_insert
user12,domain_controller1,2020-01-21,00:00,usb_insert
user12,fileserver2,2020-03-31,00:00,usb_insert
user12,fileserver2,2020-03-22,00:00,usb_insert
user12,workstation3,2020-02-16,00:00,usb_insert
user12,workstation9,2020-01-29,00:00,usb_insert
user12,workstation2,2020-01-26,00:00,usb_insert
user13,workstation4,2020-03-04,00:00,usb_insert
user13,workstation1,2020-02-16,00:00,usb_insert
user13,workstation9,2020-03-14,00:00,usb_insert
user13,workstation6,2020-02-29,00:00,usb_insert
user13,fileserver3,2020-03-11,00:00,usb_insert
user13,workstation3,2020-03-19,00:00,usb_insert
user13,workstation2,2020-01-09,00:00,usb_insert
user14,workstation7,2020-03-02,00:00,usb_insert
user14,workstation9,2020-02-22,00:00,usb_insert
user14,fileserver3,2020-02-22,00:00,usb_insert
user14,domain_controller1,2020-03-14,00:00,usb_insert
user14,workstation2,2020-01-17,00:00,usb_insert
user14,workstation6,2020-03-23,00:00,usb_insert
user14,workstation2,2020-02-27,00:00,usb_insert
user14,workstation8,2020-03-28,00:00,usb_insert
user14,workstation9,2020-02-14,00:00,usb_insert
user15,domain_controller1,2020-03-11,00:00,usb_insert
user15,fileserver1,2020-03-16,00:00,usb_insert
user15,workstation3,2020-01-17,00:00,usb_insert
user15,workstation7,2020-03-05,00:00,usb_insert
user15,domain_controller1,2020-01-08,00:00,usb_insert
user15,domain_controller1,2020-01-16,00:00,usb_insert
user15,workstation9,2020-01-20,00:00,usb_insert
user16,workstation3,2020-01-21,00:00,usb_insert
user16,workstation6,2020-03-31,00:00,usb_insert
user16,workstation4,2020-02-14,00:00,usb_insert
user16,workstation9,2020-02-06,00:00,usb_insert
user16,domain_controller1,2020-01-11,00:00,usb_insert
user16,workstation5,2020-01-26,00:00,usb_insert
user16,fileserver1,2020-03-11,00:00,usb_insert
user16,workstation5,2020-01-17,00:00,usb_insert
user16,fileserver1,2020-02-08,00:00,usb_insert
user17,workstation9,2020-01-12,00:00,usb_insert
user17,workstation9,2020-03-23,00:00,usb_insert
user17,workstation3,2020-03-16,00:00,usb_insert
user17,workstation10,2020-01-20,00:00,usb_insert
user17,workstation3,2020-03-25,00:00,usb_insert
user17,workstation10,2020-03-18,00:00,usb_insert
user17,workstation6,2020-03-13,00:00,usb_insert
user17,workstation1,2020-01-04,00:00,usb_insert
user17,workstation2,2020-01-06,00:00,usb_insert
user17,fileserver1,2020-03-14,00:00,usb_insert
user17,workstation5,2020-03-24,00:00,usb_insert
user17,workstation4,2020-03-14,00:00,usb_insert
user17,workstation7,2020-03-20,00:00,usb_insert
user17,fileserver1,2020-01-04,00:00,usb_insert
user18,fileserver1,2020-03-10,00:00,usb_insert
user18,workstation5,2020-03-23,00:00,usb_insert
user18,workstation5,2020-03-02,00:00,usb_insert
user18,workstation4,2020-03-28,00:00,usb_insert
user18,workstation7,2020-02-08,00:00,usb_insert
user18,workstation8,2020-01-10,00:00,usb_insert
user18,fileserver2,2020-01-08,00:00,usb_insert
user18,workstation3,2020-02-26,00:00,usb_insert
user18,workstation7,2020-03-02,00:00,usb_insert
user18,workstation8,2020-01-27,00:00,usb_insert
user18,workstation6,2020-03-18,00:00,usb_insert
user18,workstation3,2020-02-10,00:00,usb_insert
user19,fileserver2,2020-02-14,00:00,usb_insert
user19,workstation7,2020-01-17,00:00,usb_insert
user19,fileserver3,2020-02-17,00:00,usb_insert
user19,workstation9,2020-03-12,00:00,usb_insert
user19,workstation2,2020-02-10,00:00,usb_insert
user19,workstation4,2020-02-29,00:00,usb_insert
user19,workstation2,2020-02-04,00:00,usb_insert
user19,workstation8,2020-02-01,00:00,usb_insert
user19,workstation3,2020-01-13,00:00,usb_insert
user19,workstation1,2020-02-07,00:00,usb_insert
user20,domain_controller1,2020-03-19,00:00,usb_insert
user20,workstation7,2020-02-01,00:00,usb_insert
user20,domain_controller1,2020-01-21,00:00,usb_insert
user20,domain_controller1,2020-02-11,00:00,usb_insert
user20,workstation10,2020-02-10,00:00,usb_insert
user20,workstation4,2020-01-21,00:00,usb_insert
user20,workstation8,2020-03-06,00:00,usb_insert
user20,workstation8,2020-03-04,00:00,usb_insert
user20,workstation5,2020-03-04,00:00,usb_insert
user20,workstation1,2020-01-12,00:00,usb_insert
user20,workstation7,2020-03-05,00:00,usb_insert
user21,workstation4,2020-01-28,00:00,usb_insert
user21,workstation10,2020-02-15,00:00,usb_insert
user21,workstation1,2020-01-07,00:00,usb_insert
user21,workstation5,2020-03-04,00:00,usb_insert
user21,workstation10,2020-03-24,00:00,usb_insert
user21,fileserver1,2020-03-01,00:00,usb_insert
user21,workstation5,2020-03-09,00:00,usb_insert
user21,workstation1,2020-01-14,00:00,usb_insert
user21,workstation7,2020-01-18,00:00,usb_insert
user21,workstation5,2020-02-16,00:00,usb_insert
user21,fileserver3,2020-02-21,00:00,usb_insert
user21,workstation6,2020-01-06,00:00,usb_insert
user22,workstation1,2020-03-13,00:00,usb_insert
user22,workstation9,2020-01-25,00:00,usb_insert
user22,workstation6,2020-03-11,00:00,usb_insert
user22,workstation5,2020-01-10,00:00,usb_insert
user22,workstation7,2020-03-05,00:00,usb_insert
user22,workstation8,2020-03-11,00:00,usb_insert
user22,workstation5,2020-03-20,00:00,usb_insert
user22,fileserver1,2020-03-19,00:00,usb_insert
user22,workstation2,2020-01-17,00:00,usb_insert
user22,workstation2,2020-02-20,00:00,usb_insert
user22,workstation6,2020-02-13,00:00,usb_insert
user23,workstation6,2020-01-19,00:00,usb_insert
user23,workstation4,2020-03-18,00:00,usb_insert
user23,workstation9,2020-02-21,00:00,usb_insert
user23,workstation9,2020-01-06,00:00,usb_insert
user23,workstation1,2020-01-05,00:00,usb_insert
user23,workstation3,2020-02-12,00:00,usb_insert
user23,fileserver3,2020-03-01,00:00,usb_insert
user23,workstation9,2020-02-28,00:00,usb_insert
user23,workstation3,2020-03-18,00:00,usb_insert
user23,workstation9,2020-01-18,00:00,usb_insert
user23,workstation6,2020-03-19,00:00,usb_insert
user23,workstation6,2020-01-21,00:00,usb_insert
user23,workstation7,2020-03-19,00:00,usb_insert
user24,workstation10,2020-02-13,00:00,usb_insert
user24,workstation9,2020-03-06,00:00,usb_insert
user24,workstation9,2020-03-03,00:00,usb_insert
user24,fileserver2,2020-03-13,00:00,usb_insert
user24,workstation5,2020-03-01,00:00,usb_insert
user24,domain_controller1,2020-01-03,00:00,usb_insert
user24,workstation6,2020-02-12,00:00,usb_insert
user24,fileserver1,2020-01-15,00:00,usb_insert
user24,workstation7,2020-03-15,00:00,usb_insert
user25,fileserver3,2020-03-29,00:00,usb_insert
user25,fileserver1,2020-01-04,00:00,usb_insert
user25,workstation10,2020-03-01,00:00,usb_insert
user25,workstation5,2020-03-24,00:00,usb_insert
user25,fileserver3,2020-03-15,00:00,usb_insert
user25,workstation10,2020-01-30,00:00,usb_insert
user25,fileserver2,2020-01-07,00:00,usb_insert
user25,workstation10,2020-03-02,00:00,usb_insert
user25,workstation3,2020-03-08,00:00,usb_insert
user26,fileserver2,2020-03-20,00:00,usb_insert
user26,fileserver3,2020-02-18,00:00,usb_insert
user26,workstation3,2020-03-28,00:00,usb_insert
user26,workstation4,2020-01-05,00:00,usb_insert
user26,workstation10,2020-03-30,00:00,usb_insert
user26,workstation2,2020-01-25,00:00,usb_insert
user26,workstation1,2020-02-26,00:00,usb_insert
user26,workstation6,2020-02-23,00:00,usb_insert
user26,workstation3,2020-02-22,00:00,usb_insert
user26,fileserver2,2020-01-27,00:00,usb_insert
user26,workstation7,2020-03-05,00:00,usb_insert
user26,fileserver3,2020-03-19,00:00,usb_insert
user26,workstation8,2020-01-08,00:00,usb_insert
user26,fileserver2,2020-01-18,00:00,usb_insert
user26,workstation9,2020-01-27,00:00,usb_insert
user27,workstation6,2020-03-25,00:00,usb_insert
user27,workstation8,2020-03-08,00:00,usb_insert
user27,workstation7,2020-02-10,00:00,usb_insert
user27,workstation3,2020-02-28,00:00,usb_insert
user27,workstation9,2020-02-13,00:00,usb_insert
user27,workstation9,2020-02-15,00:00,usb_insert
user27,fileserver1,2020-03-28,00:00,usb_insert
user27,fileserver1,2020-03-29,00:00,usb_insert
user27,workstation5,2020-03-19,00:00,usb_insert
user27,workstation8,2020-01-25,00:00,usb_insert
user27,workstation4,2020-02-05,00:00,usb_insert
user27,workstation9,2020-02-08,00:00,usb_insert
user27,workstation4,2020-02-08,00:00,usb_insert
user28,fileserver2,2020-01-27,00:00,usb_insert
user28,fileserver2,2020-03-31,00:00,usb_insert
user28,workstation8,2020-02-10,00:00,usb_insert
user28,workstation8,2020-02-14,00:00,usb_insert
user28,workstation9,2020-02-05,00:00,usb_insert
user28,workstation5,2020-01-16,00:00,usb_insert
user28,workstation10,2020-03-27,00:00,usb_insert
user28,workstation9,2020-02-18,00:00,usb_insert
user28,workstation7,2020-02-14,00:00,usb_insert
user29,workstation5,2020-01-06,00:00,usb_insert
user29,workstation5,2020-01-11,00:00,usb_insert
user29,workstation6,2020-02-26,00:00,usb_insert
user29,fileserver1,2020-02-02,00:00,usb_insert
user29,fileserver2,2020-03-02,00:00,usb_insert
user29,workstation4,2020-01-26,00:00,usb_insert
user29,domain_controller1,2020-03-09,00:00,usb_insert
user30,workstation9,2020-03-30,00:00,usb_insert
user30,workstation5,2020-01-18,00:00,usb_insert
user30,workstation2,2020-03-19,00:00,usb_insert
user30,fileserver2,2020-03-16,00:00,usb_insert
user30,workstation4,2020-02-01,00:00,usb_insert
user30,workstation1,2020-03-26,00:00,usb_insert
user30,workstation9,2020-01-29,00:00,usb_insert
user30,fileserver1,2020-01-30,00:00,usb_insert
user30,workstation1,2020-01-13,00:00,usb_insert
