user,pc,date,time
user01,workstation2,2020-01-04,00:00
user01,fileserver2,2020-02-05,00:00
user01,workstation4,2020-01-29,00:00
user01,workstation3,2020-01-14,00:00
user01,fileserver1,2020-03-10,00:00
user01,workstation2,2020-03-16,00:00
user01,workstation7,2020-01-05,00:00
user01,workstation1,2020-01-12,00:00
user01,workstation4,2020-01-30,00:00
user01,workstation9,2020-03-18,00:00
user01,workstation1,2020-03-12,00:00
user01,workstation4,2020-03-24,00:00
user01,fileserver2,2020-03-10,00:00
user01,workstation7,2020-01-29,00:00
user01,workstation8,2020-03-16,00:00
user01,workstation5,2020-01-01,00:00
user01,fileserver3,2020-01-21,00:00
user01,fileserver2,2020-02-24,00:00
user01,workstation6,2020-02-05,00:00
user01,workstation3,2020-01-28,00:00
user01,fileserver3,2020-02-13,00:00
user01,workstation2,2020-01-12,00:00
user01,workstation7,2020-01-13,00:00
user01,workstation6,2020-02-14,00:00
user01,workstation10,2020-02-03,00:00
user01,fileserver3,2020-01-06,00:00
user01,fileserver2,2020-02-28,00:00
user01,workstation9,2020-01-16,00:00
user01,workstation7,2020-01-11,00:00
user01,workstation9,2020-02-07,00:00
user01,domain_controller1,2020-03-21,00:00
user01,workstation10,2020-02-16,00:00
user01,workstation10,2020-01-25,00:00
user01,fileserver2,2020-01-09,00:00
user01,workstation1,2020-03-25,00:00
user01,workstation4,2020-02-07,00:00
user01,workstation2,2020-01-30,00:00
user01,domain_controller1,2020-01-13,00:00
user01,workstation7,2020-02-05,00:00
user01,workstation8,2020-03-22,00:00
user02,workstation6,2020-01-21,00:00
user02,workstation6,2020-02-15,00:00
user02,workstation4,2020-03-26,00:00
user02,workstation5,2020-03-30,00:00
user02,fileserver1,2020-03-23,00:00
user02,workstation2,2020-03-18,00:00
user02,fileserver1,2020-01-22,00:00
user02,workstation9,2020-02-01,00:00
user02,workstation3,2020-02-29,00:00
user02,workstation7,2020-02-04,00:00
user02,fileserver1,2020-03-29,00:00
user02,workstation9,2020-01-29,00:00
user02,fileserver1,2020-02-11,00:00
user02,domain_controller1,2020-01-08,00:00
user02,workstation4,2020-01-05,00:00
user02,fileserver3,2020-02-10,00:00
user02,workstation7,2020-02-04,00:00
user02,workstation2,2020-01-28,00:00
user02,workstation10,2020-02-10,00:00
user02,workstation4,2020-03-24,00:00
user02,workstation8,2020-02-20,00:00
user02,fileserver1,2020-02-28,00:00
user02,workstation3,2020-02-03,00:00
user02,workstation3,2020-02-01,00:00
user02,fileserver2,2020-03-12,00:00
user02,workstation9,2020-02-03,00:00
user02,fileserver2,2020-03-15,00:00
user02,workstation7,2020-03-15,00:00
user02,workstation7,2020-02-16,00:00
user02,workstation4,2020-01-18,00:00
user02,workstation9,2020-03-04,00:00
user02,workstation2,2020-01-07,00:00
user02,domain_controller1,2020-01-15,00:00
user02,workstation3,2020-03-21,00:00
user02,workstation3,2020-03-28,00:00
user02,workstation7,2020-03-17,00:00
user02,workstation2,2020-02-19,00:00
user02,workstation7,2020-03-17,00:00
user02,workstation8,2020-03-08,00:00
user02,workstation5,2020-03-11,00:00
user02,domain_controller1,2020-01-02,00:00
user02,fileserver1,2020-01-15,00:00
user02,fileserver1,2020-03-09,00:00
user02,fileserver3,2020-02-04,00:00
user02,fileserver3,2020-03-23,00:00
user02,workstation6,2020-01-15,00:00
user03,workstation7,2020-01-21,00:00
user03,workstation8,2020-01-01,00:00
user03,fileserver2,2020-02-03,00:00
user03,workstation9,2020-01-23,00:00
user03,workstation9,2020-01-14,00:00
user03,domain_controller1,2020-03-21,00:00
user03,workstation5,2020-03-22,00:00
user03,workstation9,2020-03-18,00:00
user03,workstation4,2020-01-20,00:00
user03,workstation6,2020-01-21,00:00
user03,workstation9,2020-03-08,00:00
user03,workstation1,2020-03-17,00:00
user03,workstation6,2020-03-03,00:00
user03,workstation1,2020-01-15,00:00
user03,workstation6,2020-02-09,00:00
user03,workstation4,2020-01-08,00:00
user03,workstation4,2020-03-13,00:00
user03,workstation2,2020-01-11,00:00
user03,fileserver2,2020-03-03,00:00
user03,domain_controller1,2020-01-09,00:00
user03,fileserver3,2020-03-09,00:00
user03,fileserver3,2020-01-17,00:00
user03,workstation3,2020-03-25,00:00
user03,workstation8,2020-03-11,00:00
user03,workstation3,2020-02-03,00:00
user03,workstation9,2020-03-18,00:00
user03,workstation7,2020-01-28,00:00
user03,workstation9,2020-03-29,00:00
user03,workstation4,2020-02-09,00:00
user04,fileserver1,2020-03-24,00:00
user04,workstation6,2020-02-26,00:00
user04,workstation9,2020-02-27,00:00
user04,workstation2,2020-02-01,00:00
user04,workstation4,2020-01-09,00:00
user04,workstation6,2020-01-03,00:00
user04,workstation10,2020-03-11,00:00
user04,workstation4,2020-03-16,00:00
user04,workstation4,2020-01-01,00:00
user04,workstation2,2020-03-31,00:00
user04,fileserver1,2020-01-08,00:00
user04,workstation4,2020-01-09,00:00
user04,workstation1,2020-02-12,00:00
user04,workstation2,2020-03-06,00:00
user04,workstation4,2020-02-05,00:00
user04,fileserver1,2020-03-03,00:00
user04,workstation4,2020-03-10,00:00
user04,workstation3,2020-03-14,00:00
user04,workstation10,2020-03-01,00:00
user04,workstation4,2020-03-01,00:00
user04,fileserver3,2020-02-22,00:00
user04,workstation4,2020-01-13,00:00
user04,workstation2,2020-03-25,00:00
user04,workstation7,2020-02-15,00:00
user04,workstation7,2020-02-22,00:00
user04,workstation8,2020-01-07,00:00
user04,fileserver1,2020-03-24,00:00
user04,fileserver1,2020-01-13,00:00
user04,workstation1,2020-02-21,00:00
user04,fileserver2,2020-02-13,00:00
user04,fileserver3,2020-01-14,00:00
user04,workstation4,2020-01-25,00:00
user05,workstation9,2020-02-27,00:00
user05,workstation3,2020-02-24,00:00
user05,workstation3,2020-02-05,00:00
user05,workstation8,2020-02-01,00:00
user05,domain_controller1,2020-01-10,00:00
user05,workstation8,2020-03-11,00:00
user05,workstation2,2020-01-07,00:00
user05,fileserver1,2020-03-10,00:00
user05,domain_controller1,2020-01-02,00:00
user05,workstation2,2020-01-31,00:00
user05,workstation3,2020-02-22,00:00
user05,workstation8,2020-03-02,00:00
user05,workstation4,2020-02-21,00:00
user05,workstation1,2020-01-22,00:00
user05,workstation7,2020-01-01,00:00
user05,workstation7,2020-02-03,00:00
user05,fileserver3,2020-02-28,00:00
user05,workstation5,2020-02-24,00:00
user05,fileserver2,2020-03-12,00:00
user05,fileserver1,2020-03-03,00:00
user05,workstation3,2020-01-25,00:00
user05,workstation5,2020-01-28,00:00
user05,workstation1,2020-03-15,00:00
user05,fileserver2,2020-03-10,00:00
user05,workstation1,2020-02-10,00:00
user05,workstation1,2020-01-07,00:00
user06,workstation8,2020-03-05,00:00
user06,domain_controller1,2020-03-08,00:00
user06,workstation3,2020-01-08,00:00
user06,workstation9,2020-01-11,00:00
user06,domain_controller1,2020-01-24,00:00
user06,workstation2,2020-03-17,00:00
user06,workstation2,2020-03-27,00:00
user06,domain_controller1,2020-01-31,00:00
user06,workstation7,2020-01-16,00:00
user06,workstation10,2020-02-01,00:00
user06,workstation10,2020-03-17,00:00
user06,workstation1,2020-03-20,00:00
user06,workstation2,2020-02-23,00:00
user06,fileserver1,2020-03-15,00:00
user06,workstation10,2020-03-07,00:00
user06,workstation6,2020-02-03,00:00
user06,workstation4,2020-03-26,00:00
user06,fileserver2,2020-02-10,00:00
user06,workstation4,2020-02-03,00:00
user06,workstation7,2020-01-17,00:00
user06,fileserver1,2020-03-23,00:00
user06,workstation5,2020-02-28,00:00
user06,workstation6,2020-01-10,00:00
user06,workstation1,2020-02-28,00:00
user06,workstation10,2020-03-13,00:00
user06,workstation2,2020-01-10,00:00
user06,workstation9,2020-01-28,00:00
user06,workstation9,2020-02-03,00:00
user06,workstation3,2020-02-14,00:00
user06,workstation2,2020-02-01,00:00
user06,workstation6,2020-02-06,00:00
user06,workstation3,2020-02-26,00:00
user06,domain_controller1,2020-03-10,00:00
user06,fileserver2,2020-02-08,00:00
user06,workstation10,2020-03-24,00:00
user06,workstation9,2020-01-02,00:00
user06,fileserver1,2020-03-11,00:00
user06,workstation5,2020-03-25,00:00
user07,workstation3,2020-02-03,00:00
user07,workstation2,2020-01-14,00:00
user07,fileserver2,2020-03-11,00:00
user07,workstation3,2020-02-04,00:00
user07,workstation5,2020-03-18,00:00
user07,workstation4,2020-02-13,00:00
user07,workstation4,2020-03-28,00:00
user07,fileserver1,2020-02-03,00:00
user07,workstation9,2020-03-03,00:00
user07,workstation5,2020-01-07,00:00
user07,workstation2,2020-03-22,00:00
user07,workstation7,2020-02-05,00:00
user07,workstation1,2020-01-01,00:00
user07,workstation6,2020-01-17,00:00
user07,fileserver1,2020-02-03,00:00
user07,workstation3,2020-02-26,00:00
user07,workstation9,2020-03-31,00:00
user07,workstation7,2020-03-12,00:00
user07,workstation1,2020-01-15,00:00
user07,workstation2,2020-03-29,00:00
user07,workstation3,2020-03-10,00:00
user07,workstation1,2020-02-17,00:00
user07,workstation10,2020-03-11,00:00
user08,workstation7,2020-01-17,00:00
user08,workstation1,2020-02-09,00:00
user08,workstation6,2020-01-06,00:00
user08,workstation6,2020-01-27,00:00
user08,fileserver1,2020-02-01,00:00
user08,fileserver1,2020-01-14,00:00
user08,workstation6,2020-03-12,00:00
user08,domain_controller1,2020-02-22,00:00
user08,workstation10,2020-01-20,00:00
user08,workstation4,2020-01-21,00:00
user08,fileserver3,2020-01-23,00:00
user08,workstation7,2020-01-04,00:00
user08,workstation3,2020-02-12,00:00
user08,fileserver3,2020-02-22,00:00
user08,fileserver3,2020-03-26,00:00
user08,domain_controller1,2020-02-01,00:00
user08,workstation5,2020-01-21,00:00
user08,fileserver3,2020-03-30,00:00
user08,workstation2,2020-02-18,00:00
user08,domain_controller1,2020-01-05,00:00
user08,domain_controller1,2020-03-01,00:00
user08,workstation4,2020-01-26,00:00
user08,domain_controller1,2020-02-28,00:00
user08,workstation6,2020-02-09,00:00
user09,fileserver3,2020-01-30,00:00
user09,workstation4,2020-01-04,00:00
user09,fileserver1,2020-01-25,00:00
user09,workstation7,2020-02-12,00:00
user09,workstation5,2020-01-09,00:00
user09,fileserver3,2020-02-05,00:00
user09,workstation6,2020-03-23,00:00
user09,workstation9,2020-02-21,00:00
user09,fileserver1,2020-03-09,00:00
user09,workstation6,2020-01-04,00:00
user09,workstation2,2020-02-03,00:00
user09,workstation3,2020-03-15,00:00
user09,workstation5,2020-01-05,00:00
user09,workstation2,2020-03-17,00:00
user09,workstation7,2020-02-14,00:00
user09,fileserver2,2020-02-10,00:00
user09,workstation7,2020-03-18,00:00
user09,workstation9,2020-01-15,00:00
user09,workstation7,2020-03-14,00:00
user09,workstation4,2020-02-02,00:00
user09,workstation1,2020-03-31,00:00
user09,workstation7,2020-01-01,00:00
user09,workstation9,2020-03-09,00:00
user09,fileserver1,2020-03-26,00:00
user09,workstation4,2020-02-16,00:00
user09,workstation7,2020-01-09,00:00
user09,fileserver1,2020-02-12,00:00
user09,workstation10,2020-02-10,00:00
user09,fileserver1,2020-01-16,00:00
user09,fileserver2,2020-02-08,00:00
user09,workstation9,2020-02-09,00:00
user09,fileserver1,2020-02-22,00:00
user09,workstation6,2020-02-21,00:00
user09,fileserver2,2020-02-07,00:00
user09,workstation9,2020-01-17,00:00
user09,workstation4,2020-02-23,00:00
user09,fileserver1,2020-02-18,00:00
user09,fileserver1,2020-01-23,00:00
user09,workstation10,2020-03-13,00:00
user09,workstation5,2020-02-21,00:00
user09,workstation9,2020-01-01,00:00
user09,workstation5,2020-02-06,00:00
user09,workstation4,2020-02-25,00:00
user09,fileserver3,2020-03-15,00:00
user09,workstation10,2020-03-24,00:00
user09,workstation6,2020-02-29,00:00
user10,workstation8,2020-03-27,00:00
user10,workstation4,2020-03-06,00:00
user10,workstation8,2020-01-22,00:00
user10,fileserver1,2020-01-11,00:00
user10,workstation5,2020-03-06,00:00
user10,fileserver1,2020-03-22,00:00
user10,workstation10,2020-02-12,00:00
user10,workstation2,2020-01-31,00:00
user10,fileserver1,2020-02-09,00:00
user10,workstation4,2020-01-26,00:00
user10,workstation3,2020-01-04,00:00
user10,workstation1,2020-02-01,00:00
user10,workstation8,2020-03-19,00:00
user10,domain_controller1,2020-01-10,00:00
user10,workstation8,2020-02-23,00:00
user10,fileserver1,2020-03-14,00:00
user10,workstation4,2020-03-30,00:00
user10,workstation7,2020-03-04,00:00
user10,workstation7,2020-02-01,00:00
user10,workstation3,2020-03-24,00:00
user10,fileserver2,2020-01-01,00:00
user10,fileserver3,2020-01-14,00:00
user10,fileserver3,2020-02-24,00:00
user10,workstation4,2020-01-23,00:00
user10,fileserver3,2020-03-30,00:00
user10,workstation9,2020-02-29,00:00
user10,workstation1,2020-03-12,00:00
user10,workstation4,2020-01-16,00:00
user10,workstation8,2020-01-18,00:00
user10,fileserver3,2020-02-29,00:00
user10,fileserver1,2020-03-08,00:00
user10,workstation9,2020-03-17,00:00
user10,workstation6,2020-02-26,00:00
user10,workstation10,2020-03-05,00:00
user11,domain_controller1,2020-03-11,00:00
user11,workstation8,2020-01-21,00:00
user11,fileserver2,2020-03-01,00:00
user11,workstation8,2020-02-03,00:00
user11,fileserver3,2020-02-01,00:00
user11,domain_controller1,2020-03-22,00:00
user11,workstation5,2020-03-07,00:00
user11,workstation8,2020-03-21,00:00
user11,workstation4,2020-02-05,00:00
user11,workstation8,2020-01-10,00:00
user11,fileserver2,2020-02-06,00:00
user11,workstation4,2020-02-04,00:00
user11,workstation6,2020-02-10,00:00
user11,workstation9,2020-01-11,00:00
user11,workstation3,2020-01-20,00:00
user11,workstation4,2020-02-19,00:00
user11,fileserver2,2020-01-20,00:00
user11,fileserver2,2020-01-28,00:00
user11,workstation2,2020-02-23,00:00
user11,workstation7,2020-02-12,00:00
user11,workstation9,2020-02-29,00:00
user11,workstation7,2020-01-08,00:00
user11,workstation4,2020-02-23,00:00
user11,workstation7,2020-03-15,00:00
user11,fileserver2,2020-01-03,00:00
user11,domain_controller1,2020-03-14,00:00
user11,workstation7,2020-03-02,00:00
user11,workstation1,2020-02-15,00:00
user11,workstation5,2020-02-19,00:00
user11,domain_controller1,2020-02-23,00:00
user11,workstation9,2020-03-10,00:00
user11,fileserver3,2020-03-18,00:00
user11,workstation4,2020-03-03,00:00
user12,workstation5,2020-02-25,00:00
user12,workstation8,2020-01-04,00:00
user12,workstation7,2020-02-13,00:00
user12,fileserver1,2020-03-27,00:00
user12,fileserver3,2020-02-21,00:00
user12,fileserver2,2020-01-22,00:00
user12,domain_controller1,2020-02-29,00:00
user12,workstation3,2020-03-20,00:00
user12,workstation9,2020-01-04,00:00
user12,workstation7,2020-03-16,00:00
user12,workstation10,2020-03-25,00:00
user12,workstation1,2020-01-11,00:00
user12,fileserver1,2020-02-24,00:00
user12,workstation3,2020-02-29,00:00
user12,workstation3,2020-01-07,00:00
user12,workstation5,2020-02-18,00:00
user12,workstation6,2020-01-28,00:00
user12,workstation8,2020-02-11,00:00
user12,workstation6,2020-02-18,00:00
user12,workstation5,2020-02-23,00:00
user12,workstation5,2020-01-11,00:00
user12,workstation8,2020-01-03,00:00
user12,fileserver2,2020-03-10,00:00
user12,workstation1,2020-02-14,00:00
user12,workstation4,2020-03-24,00:00
user12,workstation2,2020-03-24,00:00
user12,workstation1,2020-01-04,00:00
user13,workstation4,2020-01-26,00:00
user13,domain_controller1,2020-01-03,00:00
user13,workstation10,2020-01-20,00:00
user13,workstation4,2020-01-17,00:00
user13,workstation8,2020-03-26,00:00
user13,workstation2,2020-03-13,00:00
user13,workstation4,2020-02-29,00:00
user13,fileserver2,2020-02-02,00:00
user13,fileserver3,2020-02-17,00:00
user13,workstation3,2020-03-18,00:00
user13,workstation10,2020-01-15,00:00
user13,fileserver3,2020-01-21,00:00
user13,workstation5,2020-01-14,00:00
user13,workstation10,2020-01-04,00:00
user13,workstation5,2020-03-14,00:00
user13,fileserver1,2020-02-18,00:00
user13,workstation7,2020-01-26,00:00
user13,workstation2,2020-03-16,00:00
user13,fileserver2,2020-03-21,00:00
user13,workstation4,2020-01-14,00:00
user13,fileserver2,2020-02-08,00:00
user13,domain_controller1,2020-03-28,00:00
user13,workstation10,2020-01-16,00:00
user13,fileserver3,2020-03-13,00:00
user13,fileserver3,2020-01-06,00:00
user13,workstation6,2020-03-09,00:00
user13,workstation7,2020-03-25,00:00
user13,workstation6,2020-01-09,00:00
user13,workstation9,2020-03-23,00:00
user13,workstation6,2020-01-02,00:00
user13,domain_controller1,2020-02-23,00:00
user13,domain_controller1,2020-03-03,00:00
user13,workstation2,2020-02-25,00:00
user13,workstation6,2020-03-22,00:00
user13,domain_controller1,2020-02-28,00:00
user13,fileserver2,2020-01-20,00:00
user13,workstation7,2020-01-23,00:00
user13,fileserver2,2020-03-07,00:00
user13,fileserver1,2020-02-04,00:00
user13,workstation10,2020-03-09,00:00
user13,fileserver3,2020-03-02,00:00
user13,workstation8,2020-02-25,00:00
user13,domain_controller1,2020-03-16,00:00
user13,workstation5,2020-02-11,00:00
user13,domain_controller1,2020-02-01,00:00
user13,domain_controller1,2020-01-12,00:00
user13,workstation5,2020-02-27,00:00
user13,workstation4,2020-02-29,00:00
user13,workstation10,2020-03-19,00:00
user13,fileserver1,2020-02-18,00:00
user14,workstation1,2020-03-04,00:00
user14,domain_controller1,2020-02-11,00:00
user14,workstation3,2020-03-03,00:00
user14,workstation4,2020-02-15,00:00
user14,fileserver3,2020-02-03,00:00
user14,workstation6,2020-02-05,00:00
user14,workstation10,2020-03-30,00:00
user14,workstation5,2020-03-12,00:00
user14,workstation1,2020-03-07,00:00
user14,workstation4,2020-01-11,00:00
user14,workstation4,2020-02-22,00:00
user14,workstation8,2020-03-12,00:00
user14,fileserver3,2020-01-31,00:00
user14,fileserver2,2020-03-01,00:00
user14,fileserver1,2020-03-03,00:00
user14,workstation8,2020-01-03,00:00
user14,workstation2,2020-02-07,00:00
user14,workstation4,2020-02-21,00:00
user14,fileserver2,2020-02-01,00:00
user14,workstation5,2020-03-25,00:00
user14,workstation10,2020-02-17,00:00
user14,workstation8,2020-03-11,00:00
user14,workstation9,2020-02-14,00:00
user14,workstation7,2020-03-11,00:00
user14,workstation6,2020-02-15,00:00
user14,fileserver2,2020-02-28,00:00
user14,workstation5,2020-02-09,00:00
user14,workstation5,2020-01-30,00:00
user14,workstation2,2020-01-25,00:00
user14,workstation6,2020-01-16,00:00
user15,workstation9,2020-03-29,00:00
user15,workstation3,2020-01-25,00:00
user15,workstation4,2020-03-02,00:00
user15,workstation5,2020-03-16,00:00
user15,fileserver3,2020-03-08,00:00
user15,workstation10,2020-02-06,00:00
user15,workstation2,2020-01-25,00:00
user15,workstation5,2020-01-30,00:00
user15,workstation6,2020-01-23,00:00
user15,workstation5,2020-01-02,00:00
user15,fileserver2,2020-03-09,00:00
user15,workstation3,2020-02-05,00:00
user15,workstation1,2020-01-07,00:00
user15,workstation9,2020-02-07,00:00
user15,fileserver2,2020-01-17,00:00
user15,fileserver1,2020-03-03,00:00
user15,workstation2,2020-01-02,00:00
user15,workstation10,2020-02-06,00:00
user15,workstation8,2020-03-02,00:00
user15,workstation8,2020-02-13,00:00
user15,workstation3,2020-01-07,00:00
user15,workstation5,2020-03-02,00:00
user15,workstation2,2020-01-09,00:00
user15,workstation7,2020-03-03,00:00
user15,workstation2,2020-03-14,00:00
user15,fileserver1,2020-03-28,00:00
user15,workstation1,2020-01-20,00:00
user15,workstation3,2020-03-13,00:00
user15,workstation5,2020-01-11,00:00
user15,workstation4,2020-01-16,00:00
user15,workstation9,2020-02-23,00:00
user15,workstation10,2020-03-17,00:00
user15,fileserver3,2020-03-20,00:00
user15,workstation4,2020-03-07,00:00
user15,workstation7,2020-02-27,00:00
user15,workstation8,2020-02-08,00:00
user15,domain_controller1,2020-03-16,00:00
user15,workstation7,2020-02-09,00:00
user15,workstation10,2020-03-20,00:00
user15,workstation1,2020-03-19,00:00
user15,fileserver2,2020-01-13,00:00
user15,fileserver3,2020-01-27,00:00
user15,fileserver1,2020-01-28,00:00
user16,fileserver1,2020-01-11,00:00
user16,workstation3,2020-01-31,00:00
user16,workstation3,2020-03-11,00:00
user16,workstation2,2020-01-21,00:00
user16,workstation1,2020-02-22,00:00
user16,workstation8,2020-03-29,00:00
user16,workstation10,2020-03-01,00:00
user16,workstation5,2020-01-05,00:00
user16,workstation4,2020-02-06,00:00
user16,fileserver2,2020-02-06,00:00
user16,fileserver2,2020-02-28,00:00
user16,workstation2,2020-03-28,00:00
user16,workstation4,2020-02-03,00:00
user16,fileserver3,2020-03-21,00:00
user16,workstation10,2020-03-25,00:00
user16,fileserver3,2020-01-26,00:00
user16,workstation7,2020-01-15,00:00
user16,workstation9,2020-01-29,00:00
user16,fileserver1,2020-01-20,00:00
user16,workstation5,2020-01-19,00:00
user16,workstation2,2020-01-08,00:00
user16,workstation3,2020-02-09,00:00
user16,workstation10,2020-03-13,00:00
user16,workstation5,2020-02-26,00:00
user16,workstation2,2020-02-29,00:00
user16,fileserver2,2020-02-08,00:00
user16,fileserver2,2020-02-21,00:00
user16,workstation5,2020-03-05,00:00
user17,workstation8,2020-02-26,00:00
user17,workstation2,2020-03-17,00:00
user17,workstation1,2020-02-25,00:00
user17,fileserver2,2020-02-11,00:00
user17,workstation10,2020-02-02,00:00
user17,workstation1,2020-01-12,00:00
user17,workstation4,2020-03-27,00:00
user17,domain_controller1,2020-03-14,00:00
user17,workstation10,2020-01-03,00:00
user17,fileserver3,2020-03-27,00:00
user17,domain_controller1,2020-02-04,00:00
user17,workstation10,2020-01-06,00:00
user17,fileserver3,2020-01-23,00:00
user17,workstation8,2020-03-07,00:00
user17,fileserver1,2020-02-26,00:00
user17,workstation5,2020-01-24,00:00
user17,workstation10,2020-02-25,00:00
user17,fileserver1,2020-03-03,00:00
user17,workstation2,2020-03-01,00:00
user17,workstation6,2020-02-22,00:00
user17,workstation6,2020-02-11,00:00
user17,fileserver1,2020-01-14,00:00
user17,domain_controller1,2020-01-21,00:00
user17,workstation6,2020-02-22,00:00
user17,fileserver2,2020-03-04,00:00
user17,workstation5,2020-03-25,00:00
user17,workstation7,2020-03-11,00:00
user17,workstation1,2020-02-28,00:00
user17,workstation2,2020-02-10,00:00
user17,workstation5,2020-02-11,00:00
user17,workstation2,2020-02-21,00:00
user17,domain_controller1,2020-03-06,00:00
user17,domain_controller1,2020-01-01,00:00
user17,fileserver1,2020-03-10,00:00
user17,workstation8,2020-02-22,00:00
user17,workstation1,2020-01-25,00:00
user17,workstation9,2020-02-16,00:00
user18,fileserver3,2020-03-04,00:00
user18,fileserver1,2020-02-26,00:00
user18,fileserver3,2020-01-07,00:00
user18,workstation4,2020-02-04,00:00
user18,workstation9,2020-01-17,00:00
user18,workstation5,2020-02-26,00:00
user18,fileserver2,2020-03-03,00:00
user18,workstation2,2020-01-04,00:00
user18,fileserver1,2020-03-18,00:00
user18,fileserver3,2020-01-31,00:00
user18,fileserver2,2020-01-21,00:00
user18,workstation5,2020-03-11,00:00
user18,workstation1,2020-03-11,00:00
user18,workstation7,2020-01-12,00:00
user18,workstation4,2020-01-15,00:00
user18,workstation8,2020-01-16,00:00
user18,fileserver1,2020-01-20,00:00
user18,workstation8,2020-02-07,00:00
user18,workstation9,2020-03-31,00:00
user18,workstation5,2020-02-23,00:00
user18,domain_controller1,2020-03-02,00:00
user18,workstation8,2020-02-01,00:00
user18,workstation8,2020-03-11,00:00
user18,workstation3,2020-02-19,00:00
user18,workstation4,2020-03-17,00:00
user18,workstation9,2020-01-18,00:00
user18,domain_controller1,2020-01-09,00:00
user18,workstation5,2020-02-23,00:00
user18,workstation6,2020-03-05,00:00
user18,workstation5,2020-01-01,00:00
user18,workstation5,2020-02-08,00:00
user18,domain_controller1,2020-03-16,00:00
user18,workstation10,2020-03-25,00:00
user18,workstation8,2020-01-20,00:00
user18,workstation8,2020-03-09,00:00
user18,workstation8,2020-02-14,00:00
user18,workstation6,2020-03-11,00:00
user18,fileserver3,2020-03-10,00:00
user18,workstation7,2020-02-28,00:00
user19,workstation6,2020-01-25,00:00
user19,fileserver2,2020-01-31,00:00
user19,workstation10,2020-02-19,00:00
user19,workstation4,2020-02-22,00:00
user19,workstation1,2020-02-10,00:00
user19,fileserver2,2020-03-01,00:00
user19,fileserver2,2020-02-18,00:00
user19,workstation7,2020-03-25,00:00
user19,fileserver3,2020-03-24,00:00
user19,workstation3,2020-03-04,00:00
user19,workstation1,2020-01-17,00:00
user19,workstation9,2020-03-16,00:00
user19,workstation6,2020-01-13,00:00
user19,domain_controller1,2020-02-26,00:00
user19,workstation2,2020-03-08,00:00
user19,workstation8,2020-01-02,00:00
user19,fileserver2,2020-01-19,00:00
user19,workstation7,2020-03-24,00:00
user19,workstation3,2020-01-10,00:00
user19,workstation8,2020-02-03,00:00
user19,workstation6,2020-03-20,00:00
user19,fileserver2,2020-02-20,00:00
user19,fileserver1,2020-01-11,00:00
user19,domain_controller1,2020-02-12,00:00
user19,domain_controller1,2020-03-27,00:00
user19,domain_controller1,2020-03-09,00:00
user19,workstation7,2020-02-10,00:00
user19,fileserver1,2020-03-03,00:00
user19,domain_controller1,2020-03-10,00:00
user19,workstation1,2020-03-20,00:00
user19,workstation2,2020-01-31,00:00
user19,fileserver1,2020-03-28,00:00
user19,workstation5,2020-01-30,00:00
user19,fileserver2,2020-01-12,00:00
user19,workstation7,2020-01-13,00:00
user19,fileserver3,2020-03-22,00:00
user19,fileserver2,2020-01-13,00:00
user19,workstation8,2020-01-22,00:00
user19,fileserver2,2020-02-08,00:00
user19,workstation1,2020-01-06,00:00
user19,workstation6,2020-01-08,00:00
user19,workstation5,2020-02-15,00:00
user19,workstation6,2020-02-25,00:00
user19,workstation3,2020-02-01,00:00
user19,workstation9,2020-02-22,00:00
user19,workstation10,2020-03-28,00:00
user19,fileserver3,2020-01-24,00:00
user19,workstation3,2020-01-23,00:00
user19,workstation2,2020-03-19,00:00
user20,workstation7,2020-03-20,00:00
user20,fileserver1,2020-01-31,00:00
user20,workstation8,2020-03-15,00:00
user20,workstation3,2020-01-30,00:00
user20,workstation8,2020-03-22,00:00
user20,workstation5,2020-02-28,00:00
user20,workstation5,2020-03-26,00:00
user20,workstation1,2020-02-29,00:00
user20,workstation5,2020-03-27,00:00
user20,workstation9,2020-01-21,00:00
user20,workstation2,2020-02-26,00:00
user20,workstation6,2020-03-16,00:00
user20,workstation5,2020-03-22,00:00
user20,workstation7,2020-03-29,00:00
user20,workstation5,2020-02-28,00:00
user20,domain_controller1,2020-02-08,00:00
user20,workstation4,2020-02-19,00:00
user20,domain_controller1,2020-03-02,00:00
user20,workstation2,2020-01-31,00:00
user20,workstation7,2020-03-14,00:00
user20,workstation6,2020-03-14,00:00
user20,workstation5,2020-03-30,00:00
user20,workstation5,2020-01-03,00:00
user20,domain_controller1,2020-03-25,00:00
user20,workstation7,2020-02-05,00:00
user20,workstation1,2020-03-13,00:00
user20,domain_controller1,2020-03-28,00:00
user20,fileserver3,2020-01-07,00:00
user20,workstation10,2020-03-04,00:00
user20,domain_controller1,2020-02-06,00:00
user20,fileserver3,2020-01-30,00:00
user20,workstation10,2020-02-15,00:00
user20,workstation4,2020-03-22,00:00
user20,workstation4,2020-03-20,00:00
user20,workstation5,2020-03-27,00:00
user20,fileserver3,2020-03-25,00:00
user20,fileserver1,2020-01-18,00:00
user20,fileserver1,2020-01-13,00:00
user20,fileserver1,2020-03-23,00:00
user20,workstation1,2020-02-09,00:00
user20,fileserver3,2020-02-26,00:00
user20,workstation1,2020-03-15,00:00
user20,workstation6,2020-01-17,00:00
user20,workstation2,2020-02-07,00:00
user20,workstation6,2020-02-23,00:00
user20,workstation3,2020-01-26,00:00
user20,workstation3,2020-03-10,00:00
user21,workstation6,2020-03-08,00:00
user21,workstation9,2020-02-04,00:00
user21,domain_controller1,2020-01-22,00:00
user21,workstation5,2020-03-02,00:00
user21,fileserver3,2020-02-07,00:00
user21,fileserver2,2020-02-13,00:00
user21,fileserver3,2020-01-15,00:00
user21,workstation8,2020-01-10,00:00
user21,workstation3,2020-01-29,00:00
user21,domain_controller1,2020-03-27,00:00
user21,fileserver2,2020-03-27,00:00
user21,workstation7,2020-03-12,00:00
user21,workstation6,2020-01-12,00:00
user21,fileserver3,2020-02-20,00:00
user21,workstation1,2020-02-03,00:00
user21,workstation9,2020-01-16,00:00
user21,workstation8,2020-02-17,00:00
user21,fileserver1,2020-03-27,00:00
user21,workstation5,2020-03-15,00:00
user21,workstation7,2020-03-22,00:00
user21,workstation6,2020-01-14,00:00
user21,fileserver1,2020-01-30,00:00
user21,workstation8,2020-01-04,00:00
user21,workstation10,2020-03-12,00:00
user21,workstation6,2020-03-19,00:00
user21,workstation4,2020-03-23,00:00
user21,workstation2,2020-03-22,00:00
user21,domain_controller1,2020-02-29,00:00
user21,fileserver2,2020-02-08,00:00
user21,fileserver1,2020-02-22,00:00
user21,workstation2,2020-01-18,00:00
user21,workstation1,2020-01-05,00:00
user21,workstation5,2020-03-04,00:00
user21,workstation2,2020-01-13,00:00
user21,workstation4,2020-03-09,00:00
user21,workstation3,2020-02-19,00:00
user21,workstation8,2020-02-17,00:00
user21,fileserver1,2020-03-30,00:00
user21,workstation9,2020-02-23,00:00
user21,workstation10,2020-01-20,00:00
user21,workstation7,2020-03-24,00:00
user21,workstation2,2020-03-03,00:00
user21,workstation10,2020-02-22,00:00
user21,workstation5,2020-01-05,00:00
user21,fileserver2,2020-02-17,00:00
user21,workstation4,2020-02-26,00:00
user21,workstation8,2020-01-31,00:00
user21,domain_controller1,2020-02-16,00:00
user22,fileserver1,2020-02-17,00:00
user22,workstation9,2020-03-23,00:00
user22,workstation6,2020-01-08,00:00
user22,workstation7,2020-02-05,00:00
user22,workstation4,2020-01-16,00:00
user22,domain_controller1,2020-02-28,00:00
user22,workstation2,2020-03-25,00:00
user22,workstation4,2020-03-23,00:00
user22,fileserver1,2020-03-17,00:00
user22,workstation1,2020-01-07,00:00
user22,fileserver3,2020-02-12,00:00
user22,workstation4,2020-01-17,00:00
user22,fileserver3,2020-03-13,00:00
user22,workstation4,2020-01-09,00:00
user22,domain_controller1,2020-03-11,00:00
user22,workstation4,2020-03-16,00:00
user22,workstation4,2020-01-30,00:00
user22,workstation6,2020-01-19,00:00
user22,fileserver3,2020-03-17,00:00
user22,workstation1,2020-02-05,00:00
user22,domain_controller1,2020-01-19,00:00
user22,workstation3,2020-03-10,00:00
user22,workstation5,2020-01-23,00:00
user23,fileserver1,2020-01-04,00:00
user23,workstation3,2020-01-02,00:00
user23,workstation6,2020-01-31,00:00
user23,workstation10,2020-02-11,00:00
user23,workstation1,2020-01-23,00:00
user23,workstation5,2020-01-07,00:00
user23,workstation3,2020-02-23,00:00
user23,workstation9,2020-01-15,00:00
user23,fileserver2,2020-01-09,00:00
user23,workstation8,2020-02-27,00:00
user23,fileserver3,2020-02-16,00:00
user23,workstation9,2020-03-16,00:00
user23,workstation2,2020-02-27,00:00
user23,workstation9,2020-01-29,00:00
user23,workstation10,2020-01-06,00:00
user23,fileserver2,2020-03-25,00:00
user23,workstation9,2020-02-08,00:00
user23,workstation8,2020-03-23,00:00
user23,workstation1,2020-01-08,00:00
user23,workstation8,2020-02-21,00:00
user23,workstation7,2020-03-28,00:00
user23,workstation2,2020-03-03,00:00
user23,fileserver2,2020-02-26,00:00
user24,workstation2,2020-02-11,00:00
user24,workstation10,2020-01-19,00:00
user24,workstation2,2020-01-17,00:00
user24,workstation5,2020-03-20,00:00
user24,fileserver1,2020-03-15,00:00
user24,workstation9,2020-02-11,00:00
user24,workstation7,2020-03-17,00:00
user24,workstation9,2020-02-07,00:00
user24,workstation8,2020-03-05,00:00
user24,workstation10,2020-02-25,00:00
user24,workstation2,2020-03-30,00:00
user24,workstation2,2020-03-24,00:00
user24,fileserver1,2020-03-11,00:00
user24,fileserver2,2020-01-28,00:00
user24,workstation7,2020-02-27,00:00
user24,workstation4,2020-02-22,00:00
user24,workstation6,2020-02-28,00:00
user24,workstation7,2020-02-23,00:00
user24,fileserver2,2020-01-13,00:00
user24,workstation6,2020-02-24,00:00
user24,workstation6,2020-03-26,00:00
user24,workstation5,2020-02-17,00:00
user25,workstation3,2020-03-28,00:00
user25,workstation8,2020-01-09,00:00
user25,workstation2,2020-01-11,00:00
user25,workstation2,2020-02-25,00:00
user25,workstation2,2020-02-17,00:00
user25,fileserver3,2020-01-17,00:00
user25,workstation9,2020-01-08,00:00
user25,workstation10,2020-03-12,00:00
user25,workstation9,2020-02-12,00:00
user25,fileserver1,2020-01-16,00:00
user25,workstation7,2020-02-15,00:00
user25,domain_controller1,2020-03-26,00:00
user25,fileserver3,2020-02-24,00:00
user25,domain_controller1,2020-01-07,00:00
user25,workstation5,2020-03-17,00:00
user25,workstation5,2020-02-15,00:00
user25,workstation2,2020-03-14,00:00
user25,workstation9,2020-01-28,00:00
user25,workstation3,2020-03-25,00:00
user25,workstation8,2020-01-29,00:00
user25,domain_controller1,2020-01-14,00:00
user25,workstation6,2020-03-12,00:00
user25,workstation6,2020-01-15,00:00
user25,fileserver3,2020-02-05,00:00
user25,workstation10,2020-01-29,00:00
user25,fileserver3,2020-02-24,00:00
user25,domain_controller1,2020-03-12,00:00
user25,fileserver3,2020-03-20,00:00
user25,workstation10,2020-03-27,00:00
user25,fileserver1,2020-03-12,00:00
user25,workstation1,2020-03-18,00:00
user25,fileserver1,2020-03-29,00:00
user25,workstation5,2020-01-04,00:00
user25,workstation3,2020-02-04,00:00
user25,fileserver2,2020-02-09,00:00
user25,workstation6,2020-02-14,00:00
user25,workstation1,2020-01-24,00:00
user25,domain_controller1,2020-01-19,00:00
user25,workstation10,2020-03-25,00:00
user25,workstation7,2020-01-09,00:00
user25,workstation3,2020-03-22,00:00
user25,workstation1,2020-01-12,00:00
user25,fileserver2,2020-03-08,00:00
user25,workstation4,2020-02-18,00:00
user25,workstation7,2020-02-28,00:00
user25,workstation6,2020-01-21,00:00
user25,workstation6,2020-02-09,00:00
user25,fileserver2,2020-02-11,00:00
user25,fileserver3,2020-03-13,00:00
user25,workstation10,2020-01-11,00:00
user26,workstation1,2020-01-20,00:00
user26,workstation3,2020-03-20,00:00
user26,workstation1,2020-03-27,00:00
user26,workstation2,2020-02-04,00:00
user26,workstation8,2020-03-25,00:00
user26,workstation7,2020-03-03,00:00
user26,workstation10,2020-02-26,00:00
user26,workstation7,2020-02-04,00:00
user26,workstation4,2020-03-06,00:00
user26,workstation2,2020-02-14,00:00
user26,workstation7,2020-01-15,00:00
user26,workstation5,2020-03-27,00:00
user26,fileserver1,2020-03-16,00:00
user26,workstation8,2020-03-08,00:00
user26,fileserver1,2020-02-09,00:00
user26,workstation1,2020-01-29,00:00
user26,workstation7,2020-03-17,00:00
user26,workstation1,2020-01-01,00:00
user26,workstation4,2020-02-08,00:00
user26,workstation4,2020-01-18,00:00
user26,fileserver3,2020-02-02,00:00
user26,workstation5,2020-02-11,00:00
user26,workstation2,2020-01-01,00:00
user26,workstation8,2020-02-25,00:00
user26,workstation3,2020-01-17,00:00
user26,workstation7,2020-03-09,00:00
user26,fileserver2,2020-01-30,00:00
user26,workstation9,2020-03-12,00:00
user26,domain_controller1,2020-03-26,00:00
user26,fileserver3,2020-02-15,00:00
user26,workstation2,2020-02-20,00:00
user26,domain_controller1,2020-01-06,00:00
user26,workstation7,2020-01-03,00:00
user26,workstation8,2020-01-10,00:00
user26,domain_controller1,2020-02-10,00:00
user26,workstation10,2020-02-24,00:00
user26,workstation10,2020-02-21,00:00
user26,fileserver2,2020-03-22,00:00
user26,workstation7,2020-02-07,00:00
user26,workstation2,2020-02-21,00:00
user26,workstation1,2020-02-11,00:00
user26,workstation3,2020-03-20,00:00
user26,workstation8,2020-03-29,00:00
user26,workstation6,2020-01-12,00:00
user26,workstation7,2020-01-14,00:00
user26,workstation4,2020-02-25,00:00
user26,workstation10,2020-02-21,00:00
user26,workstation9,2020-01-11,00:00
user27,domain_controller1,2020-02-09,00:00
user27,fileserver2,2020-02-13,00:00
user27,workstation4,2020-02-12,00:00
user27,fileserver3,2020-01-22,00:00
user27,workstation2,2020-03-06,00:00
user27,fileserver1,2020-01-15,00:00
user27,workstation9,2020-03-06,00:00
user27,workstation4,2020-02-14,00:00
user27,workstation6,2020-03-23,00:00
user27,domain_controller1,2020-01-19,00:00
user27,workstation4,2020-01-14,00:00
user27,workstation3,2020-02-02,00:00
user27,workstation4,2020-01-23,00:00
user27,workstation10,2020-01-20,00:00
user27,fileserver3,2020-03-24,00:00
user27,workstation2,2020-01-23,00:00
user27,fileserver3,2020-03-21,00:00
user27,workstation8,2020-02-29,00:00
user27,fileserver3,2020-03-13,00:00
user27,fileserver3,2020-03-15,00:00
user27,workstation8,2020-03-28,00:00
user27,workstation10,2020-03-23,00:00
user27,fileserver1,2020-03-20,00:00
user27,workstation6,2020-03-21,00:00
user27,workstation6,2020-01-20,00:00
user27,workstation8,2020-01-09,00:00
user27,workstation8,2020-02-26,00:00
user27,fileserver1,2020-02-08,00:00
user27,fileserver3,2020-02-05,00:00
user27,workstation10,2020-01-08,00:00
user27,workstation6,2020-03-05,00:00
user27,workstation2,2020-02-09,00:00
user28,workstation8,2020-01-05,00:00
user28,workstation1,2020-02-17,00:00
user28,domain_controller1,2020-02-06,00:00
user28,workstation2,2020-03-23,00:00
user28,domain_controller1,2020-01-12,00:00
user28,workstation10,2020-03-17,00:00
user28,workstation9,2020-02-19,00:00
user28,workstation8,2020-03-15,00:00
user28,workstation9,2020-01-06,00:00
user28,workstation8,2020-03-14,00:00
user28,fileserver1,2020-01-25,00:00
user28,workstation6,2020-03-18,00:00
user28,workstation8,2020-03-05,00:00
user28,workstation3,2020-01-08,00:00
user28,workstation8,2020-01-14,00:00
user28,fileserver3,2020-02-13,00:00
user28,fileserver2,2020-01-11,00:00
user28,workstation9,2020-03-23,00:00
user28,workstation3,2020-01-06,00:00
user28,workstation4,2020-03-31,00:00
user28,workstation8,2020-02-26,00:00
user28,workstation9,2020-03-07,00:00
user28,workstation10,2020-01-21,00:00
user28,workstation6,2020-02-17,00:00
user28,workstation5,2020-02-19,00:00
user28,workstation7,2020-02-13,00:00
user28,fileserver1,2020-03-17,00:00
user28,workstation1,2020-03-21,00:00
user28,fileserver1,2020-02-12,00:00
user28,workstation2,2020-02-12,00:00
user28,workstation2,2020-03-12,00:00
user28,fileserver1,2020-02-19,00:00
user28,workstation5,2020-02-02,00:00
user28,fileserver2,2020-03-25,00:00
user29,workstation10,2020-01-20,00:00
user29,workstation6,2020-01-11,00:00
user29,workstation10,2020-03-25,00:00
user29,workstation3,2020-02-14,00:00
user29,workstation5,2020-03-24,00:00
user29,fileserver2,2020-03-25,00:00
user29,workstation7,2020-01-17,00:00
user29,workstation10,2020-03-31,00:00
user29,workstation2,2020-02-09,00:00
user29,workstation9,2020-02-18,00:00
user29,fileserver1,2020-02-12,00:00
user29,domain_controller1,2020-01-17,00:00
user29,fileserver1,2020-03-30,00:00
user29,domain_controller1,2020-03-28,00:00
user29,workstation9,2020-01-12,00:00
user29,fileserver1,2020-03-26,00:00
user29,workstation7,2020-03-06,00:00
user29,workstation6,2020-01-03,00:00
user29,workstation6,2020-02-09,00:00
user29,workstation3,2020-01-28,00:00
user29,workstation6,2020-03-03,00:00
user29,workstation4,2020-01-29,00:00
user29,workstation3,2020-01-20,00:00
user29,workstation2,2020-02-07,00:00
user29,domain_controller1,2020-01-13,00:00
user29,workstation9,2020-03-10,00:00
user29,domain_controller1,2020-03-08,00:00
user29,workstation1,2020-03-25,00:00
user29,workstation6,2020-03-20,00:00
user29,workstation3,2020-03-17,00:00
user29,workstation7,2020-01-20,00:00
user29,workstation3,2020-01-24,00:00
user29,domain_controller1,2020-03-29,00:00
user29,fileserver3,2020-03-20,00:00
user29,fileserver3,2020-01-22,00:00
user29,fileserver2,2020-02-26,00:00
user29,workstation1,2020-02-22,00:00
user29,workstation6,2020-03-27,00:00
user29,fileserver2,2020-01-31,00:00
user29,workstation8,2020-03-19,00:00
user29,workstation5,2020-02-27,00:00
user29,workstation4,2020-03-09,00:00
user29,workstation4,2020-02-09,00:00
user29,fileserver3,2020-03-01,00:00
user29,domain_controller1,2020-01-25,00:00
user29,workstation6,2020-03-27,00:00
user29,workstation10,2020-02-26,00:00
user29,workstation8,2020-02-06,00:00
user29,fileserver3,2020-02-18,00:00
user29,workstation9,2020-03-08,00:00
user30,workstation3,2020-01-26,00:00
user30,fileserver3,2020-03-18,00:00
user30,workstation3,2020-02-02,00:00
user30,workstation1,2020-03-23,00:00
user30,workstation8,2020-02-17,00:00
user30,workstation9,2020-01-14,00:00
user30,fileserver2,2020-03-07,00:00
user30,domain_controller1,2020-01-16,00:00
user30,workstation5,2020-01-11,00:00
user30,fileserver3,2020-01-21,00:00
user30,workstation5,2020-02-27,00:00
user30,workstation9,2020-01-19,00:00
user30,domain_controller1,2020-02-25,00:00
user30,workstation2,2020-01-29,00:00
user30,domain_controller1,2020-02-27,00:00
user30,workstation6,2020-01-04,00:00
user30,workstation7,2020-01-07,00:00
user30,workstation7,2020-03-05,00:00
user30,workstation6,2020-01-31,00:00
user30,workstation7,2020-01-11,00:00
user30,workstation6,2020-01-29,00:00
user30,workstation1,2020-02-10,00:00
user30,workstation2,2020-03-24,00:00
user30,workstation6,2020-01-19,00:00
user30,workstation3,2020-01-05,00:00
user30,workstation5,2020-03-01,00:00
user30,fileserver2,2020-01-18,00:00
user30,fileserver3,2020-03-31,00:00
user30,workstation8,2020-02-27,00:00
user30,workstation10,2020-01-01,00:00
user30,workstation2,2020-01-03,00:00
user30,workstation5,2020-01-28,00:00
user30,domain_controller1,2020-01-20,00:00
