user,dept,role
user01,Research,Manager
user02,HR,Analyst
user03,Research,Admin
user04,Research,Engineer
user05,Engineering,Analyst
user06,HR,Manager
user07,Research,Manager
user08,HR,Manager
user09,Finance,Engineer
user10,Research,Manager
user11,Engineering,Manager
user12,Finance,Analyst
user13,Research,Analyst
user14,Research,Engineer
user15,HR,Manager
user16,Finance,Engineer
user17,Engineering,Engineer
user18,Research,Manager
user19,Engineering,Manager
user20,HR,Analyst
user21,HR,Admin
user22,HR,Analyst
user23,HR,Manager
user24,Finance,Analyst
user25,Finance,Admin
user26,Research,Analyst
user27,HR,Manager
user28,Finance,Engineer
user29,HR,Engineer
user30,HR,Manager
