user,pc,date,time,filename
user01,workstation6,2020-03-01,00:00,file_2647.pdf
user01,workstation1,2020-03-11,00:00,file_3587.ppt
user01,fileserver1,2020-03-01,00:00,file_8822.pdf
user01,fileserver3,2020-02-06,00:00,file_6262.xls
user01,fileserver1,2020-01-08,00:00,file_2465.pdf
user01,workstation9,2020-01-05,00:00,file_3868.ppt
user01,domain_controller1,2020-01-23,00:00,file_1595.ppt
user01,fileserver3,2020-03-04,00:00,file_4052.xls
user01,workstation1,2020-01-02,00:00,file_5888.docx
user01,workstation6,2020-02-06,00:00,file_8444.ppt
user01,workstation3,2020-03-05,00:00,file_8668.xls
user01,workstation4,2020-01-15,00:00,file_6417.pdf
user01,fileserver2,2020-02-28,00:00,file_5215.pdf
user01,workstation1,2020-02-13,00:00,file_5833.pdf
user01,workstation3,2020-03-19,00:00,file_7643.ppt
user01,workstation9,2020-02-11,00:00,file_2421.ppt
user01,fileserver1,2020-01-13,00:00,file_4027.pdf
user01,workstation8,2020-02-11,00:00,file_5064.docx
user01,workstation5,2020-02-19,00:00,file_4858.ppt
user01,fileserver3,2020-02-04,00:00,file_6400.xls
user01,workstation10,2020-03-14,00:00,file_1187.xls
user01,fileserver1,2020-02-16,00:00,file_4871.docx
user01,fileserver1,2020-01-16,00:00,file_8625.xls
user02,workstation7,2020-03-28,00:00,file_9233.xls
user02,fileserver2,2020-01-16,00:00,file_5833.xls
user02,workstation10,2020-01-29,00:00,file_4590.pdf
user02,workstation8,2020-01-20,00:00,file_8454.xls
user02,workstation7,2020-03-30,00:00,file_9998.ppt
user02,fileserver3,2020-03-09,00:00,file_4578.pdf
user02,fileserver1,2020-03-17,00:00,file_2341.ppt
user02,workstation9,2020-03-31,00:00,file_6927.docx
user02,workstation10,2020-01-15,00:00,file_2011.pdf
user02,workstation10,2020-03-09,00:00,file_3455.pdf
user02,workstation6,2020-03-07,00:00,file_8239.docx
user02,fileserver1,2020-01-27,00:00,file_9008.docx
user02,workstation9,2020-02-27,00:00,file_1911.ppt
user02,workstation3,2020-03-06,00:00,file_7806.ppt
user02,workstation10,2020-01-08,00:00,file_8575.xls
user03,workstation7,2020-02-02,00:00,file_1049.pdf
user03,workstation10,2020-01-10,00:00,file_1742.ppt
user03,workstation6,2020-03-30,00:00,file_2044.docx
user03,workstation2,2020-03-01,00:00,file_1519.xls
user03,workstation7,2020-01-24,00:00,file_3218.ppt
user03,workstation6,2020-02-18,00:00,file_8348.ppt
user03,workstation7,2020-01-11,00:00,file_9835.pdf
user03,fileserver1,2020-02-14,00:00,file_2943.pdf
user03,workstation9,2020-02-20,00:00,file_9664.pdf
user03,fileserver2,2020-01-29,00:00,file_1056.docx
user04,workstation8,2020-03-27,00:00,file_9920.ppt
user04,workstation9,2020-02-18,00:00,file_4762.pdf
user04,workstation8,2020-02-14,00:00,file_3541.xls
user04,workstation4,2020-01-15,00:00,file_1527.ppt
user04,workstation10,2020-01-03,00:00,file_4943.pdf
user04,workstation2,2020-01-13,00:00,file_1550.ppt
user04,workstation10,2020-03-27,00:00,file_1797.pdf
user04,fileserver2,2020-01-06,00:00,file_7590.ppt
user04,workstation4,2020-03-10,00:00,file_4559.docx
user04,workstation3,2020-03-05,00:00,file_5739.pdf
user04,domain_controller1,2020-03-14,00:00,file_6224.xls
user04,workstation4,2020-02-08,00:00,file_3347.pdf
user04,workstation7,2020-02-08,00:00,file_5508.docx
user04,workstation9,2020-03-16,00:00,file_3869.ppt
user04,workstation9,2020-03-04,00:00,file_1768.xls
user04,fileserver1,2020-03-26,00:00,file_7244.xls
user04,fileserver2,2020-02-23,00:00,file_7688.pdf
user04,workstation5,2020-02-18,00:00,file_4012.ppt
user04,workstation4,2020-01-29,00:00,file_5927.pdf
user05,workstation1,2020-03-12,00:00,file_7761.ppt
user05,workstation9,2020-03-08,00:00,file_3196.ppt
user05,workstation4,2020-02-02,00:00,file_4331.xls
user05,fileserver1,2020-01-11,00:00,file_8369.xls
user05,workstation2,2020-03-09,00:00,file_4120.docx
user05,workstation5,2020-02-18,00:00,file_1647.docx
user05,workstation4,2020-03-16,00:00,file_4555.ppt
user05,workstation4,2020-02-12,00:00,file_5967.docx
user05,workstation4,2020-01-25,00:00,file_2922.ppt
user05,workstation4,2020-03-30,00:00,file_4350.ppt
user05,workstation4,2020-03-11,00:00,file_6269.xls
user05,workstation7,2020-02-29,00:00,file_9743.xls
user05,workstation5,2020-02-03,00:00,file_6892.ppt
user05,workstation8,2020-01-13,00:00,file_8692.xls
user05,workstation4,2020-02-17,00:00,file_6126.ppt
user05,workstation1,2020-03-13,00:00,file_4625.pdf
user05,workstation1,2020-02-03,00:00,file_7841.xls
user05,workstation3,2020-01-26,00:00,file_6404.pdf
user05,workstation7,2020-03-13,00:00,file_5026.ppt
user05,workstation9,2020-03-24,00:00,file_6530.xls
user05,fileserver3,2020-03-03,00:00,file_9037.ppt
user05,workstation3,2020-02-15,00:00,file_3773.pdf
user05,fileserver2,2020-03-10,00:00,file_9000.pdf
user05,workstation9,2020-03-23,00:00,file_1962.docx
user06,domain_controller1,2020-03-26,00:00,file_1794.docx
user06,workstation7,2020-01-18,00:00,file_4791.docx
user06,fileserver2,2020-01-20,00:00,file_1149.pdf
user06,workstation9,2020-02-28,00:00,file_7114.docx
user06,workstation10,2020-03-22,00:00,file_8916.ppt
user06,workstation1,2020-01-01,00:00,file_9719.ppt
user06,workstation1,2020-01-03,00:00,file_9673.xls
user06,workstation9,2020-02-06,00:00,file_1280.ppt
user06,fileserver3,2020-01-23,00:00,file_2753.docx
user06,workstation9,2020-01-20,00:00,file_4948.pdf
user06,workstation10,2020-03-08,00:00,file_5135.xls
user06,workstation5,2020-02-20,00:00,file_2294.xls
user07,workstation8,2020-03-13,00:00,file_4984.pdf
user07,workstation5,2020-03-28,00:00,file_2320.docx
user07,workstation2,2020-02-21,00:00,file_7213.ppt
user07,workstation9,2020-03-01,00:00,file_1919.docx
user07,fileserver2,2020-01-22,00:00,file_2354.ppt
user07,domain_controller1,2020-02-25,00:00,file_6427.docx
user07,workstation9,2020-01-06,00:00,file_4764.pdf
user07,domain_controller1,2020-03-29,00:00,file_8790.xls
user07,workstation1,2020-01-10,00:00,file_5593.docx
user07,workstation3,2020-02-10,00:00,file_1256.pdf
user07,workstation10,2020-01-19,00:00,file_7525.docx
user07,workstation5,2020-01-21,00:00,file_4939.ppt
user07,fileserver1,2020-03-10,00:00,file_6435.ppt
user07,fileserver3,2020-01-18,00:00,file_2284.xls
user07,workstation1,2020-01-13,00:00,file_8161.pdf
user07,domain_controller1,2020-01-10,00:00,file_6580.ppt
user07,fileserver3,2020-02-11,00:00,file_1485.xls
user07,fileserver3,2020-02-27,00:00,file_9038.pdf
user07,workstation6,2020-03-11,00:00,file_7150.ppt
user07,workstation3,2020-03-28,00:00,file_7227.docx
user07,fileserver3,2020-03-20,00:00,file_5839.pdf
user07,fileserver2,2020-01-10,00:00,file_2344.xls
user08,workstation7,2020-03-22,00:00,file_3527.ppt
user08,workstation6,2020-02-16,00:00,file_2745.docx
user08,workstation1,2020-02-09,00:00,file_8286.xls
user08,fileserver3,2020-02-04,00:00,file_2674.pdf
user08,workstation2,2020-01-24,00:00,file_8061.ppt
user08,workstation9,2020-03-12,00:00,file_9395.ppt
user08,workstation2,2020-01-04,00:00,file_2468.xls
user08,workstation9,2020-01-12,00:00,file_6315.ppt
user08,workstation1,2020-02-07,00:00,file_7779.ppt
user08,fileserver3,2020-01-11,00:00,file_4977.pdf
user08,fileserver1,2020-02-18,00:00,file_3777.pdf
user08,workstation5,2020-02-08,00:00,file_5397.ppt
user08,workstation3,2020-01-09,00:00,file_3739.ppt
user08,workstation5,2020-02-23,00:00,file_5911.ppt
user09,workstation6,2020-02-02,00:00,file_5040.ppt
user09,workstation10,2020-03-19,00:00,file_4203.ppt
user09,workstation2,2020-01-18,00:00,file_5991.docx
user09,workstation7,2020-02-12,00:00,file_7224.xls
user09,workstation8,2020-02-12,00:00,file_8055.pdf
user09,workstation5,2020-02-11,00:00,file_4290.ppt
user09,workstation6,2020-01-23,00:00,file_7524.xls
user09,workstation5,2020-03-29,00:00,file_9044.pdf
user09,workstation6,2020-02-18,00:00,file_5592.ppt
user09,workstation6,2020-01-15,00:00,file_4273.pdf
user09,fileserver1,2020-03-11,00:00,file_1440.ppt
user09,fileserver2,2020-01-27,00:00,file_8183.xls
user10,domain_controller1,2020-02-22,00:00,file_9180.pdf
user10,fileserver1,2020-02-08,00:00,file_4965.xls
user10,fileserver1,2020-01-20,00:00,file_7932.ppt
user10,workstation2,2020-02-27,00:00,file_8851.ppt
user10,workstation9,2020-03-05,00:00,file_7853.docx
user10,fileserver3,2020-02-16,00:00,file_9796.docx
user10,workstation2,2020-02-01,00:00,file_6816.pdf
user10,fileserver1,2020-03-19,00:00,file_1725.ppt
user10,fileserver3,2020-02-12,00:00,file_8052.docx
user10,workstation1,2020-01-13,00:00,file_5239.pdf
user10,workstation9,2020-03-07,00:00,file_4621.ppt
user10,workstation6,2020-02-20,00:00,file_8586.pdf
user11,workstation1,2020-03-02,00:00,file_2712.xls
user11,workstation7,2020-01-11,00:00,file_2901.pdf
user11,workstation6,2020-02-09,00:00,file_6620.ppt
user11,fileserver3,2020-01-27,00:00,file_9537.ppt
user11,workstation6,2020-03-01,00:00,file_2599.ppt
user11,fileserver2,2020-03-30,00:00,file_8412.xls
user11,workstation2,2020-02-08,00:00,file_1732.docx
user11,workstation1,2020-02-13,00:00,file_2791.pdf
user11,fileserver2,2020-02-01,00:00,file_9454.pdf
user11,workstation9,2020-01-21,00:00,file_6422.ppt
user11,workstation8,2020-01-30,00:00,file_7636.pdf
user11,workstation3,2020-03-22,00:00,file_8080.ppt
user11,workstation1,2020-03-19,00:00,file_4232.ppt
user11,workstation10,2020-02-24,00:00,file_7370.docx
user11,fileserver2,2020-01-28,00:00,file_4371.xls
user11,fileserver3,2020-03-31,00:00,file_2025.docx
user11,fileserver3,2020-03-09,00:00,file_4063.xls
user11,workstation6,2020-01-26,00:00,file_8496.docx
user11,workstation5,2020-03-26,00:00,file_9019.xls
user11,workstation10,2020-02-19,00:00,file_7431.docx
user11,workstation6,2020-02-15,00:00,file_8501.pdf
user12,workstation10,2020-03-16,00:00,file_2388.pdf
user12,workstation6,2020-01-16,00:00,file_4908.xls
user12,workstation2,2020-01-24,00:00,file_7116.pdf
user12,workstation9,2020-02-19,00:00,file_7852.pdf
user12,workstation10,2020-02-19,00:00,file_7931.pdf
user12,workstation8,2020-03-22,00:00,file_9804.pdf
user12,workstation9,2020-01-22,00:00,file_9022.xls
user12,workstation3,2020-01-24,00:00,file_6154.ppt
user12,workstation10,2020-01-07,00:00,file_6882.docx
user12,workstation8,2020-01-18,00:00,file_4196.ppt
user12,workstation9,2020-03-05,00:00,file_9109.ppt
user12,fileserver1,2020-03-03,00:00,file_7809.ppt
user12,workstation8,2020-01-22,00:00,file_2354.docx
user12,fileserver3,2020-01-29,00:00,file_5785.docx
user12,workstation5,2020-01-29,00:00,file_9808.xls
user12,workstation3,2020-02-28,00:00,file_9115.docx
user12,workstation10,2020-01-15,00:00,file_5389.xls
user12,workstation9,2020-01-06,00:00,file_8231.pdf
user12,workstation7,2020-01-14,00:00,file_5055.xls
user13,workstation8,2020-02-03,00:00,file_6711.docx
user13,workstation8,2020-01-16,00:00,file_4882.pdf
user13,fileserver3,2020-03-16,00:00,file_6744.ppt
user13,workstation3,2020-03-19,00:00,file_3281.pdf
user13,domain_controller1,2020-01-27,00:00,file_1972.xls
user13,workstation9,2020-02-05,00:00,file_9827.pdf
user13,workstation6,2020-03-31,00:00,file_5794.xls
user13,workstation10,2020-02-04,00:00,file_9428.docx
user13,workstation3,2020-02-22,00:00,file_1971.xls
user13,domain_controller1,2020-03-24,00:00,file_3078.pdf
user13,workstation4,2020-01-19,00:00,file_6277.pdf
user14,workstation8,2020-01-19,00:00,file_5402.ppt
user14,workstation7,2020-02-27,00:00,file_2237.docx
user14,workstation7,2020-03-06,00:00,file_5558.xls
user14,workstation8,2020-03-03,00:00,file_6362.docx
user14,domain_controller1,2020-01-12,00:00,file_8511.xls
user14,domain_controller1,2020-01-09,00:00,file_9756.ppt
user14,workstation4,2020-02-24,00:00,file_4470.ppt
user14,workstation5,2020-02-11,00:00,file_5646.xls
user14,workstation9,2020-03-14,00:00,file_3139.ppt
user14,fileserver3,2020-02-13,00:00,file_1793.docx
user14,workstation2,2020-03-21,00:00,file_8529.docx
user14,workstation2,2020-01-21,00:00,file_8230.ppt
user14,workstation1,2020-02-24,00:00,file_4314.pdf
user14,fileserver1,2020-02-08,00:00,file_3604.xls
user14,workstation2,2020-03-24,00:00,file_6905.xls
user14,workstation2,2020-02-17,00:00,file_3711.docx
user14,workstation7,2020-03-21,00:00,file_6005.pdf
user14,workstation7,2020-03-24,00:00,file_2494.docx
user14,workstation1,2020-01-28,00:00,file_8812.docx
user14,workstation3,2020-03-16,00:00,file_4705.ppt
user14,workstation1,2020-01-02,00:00,file_6629.docx
user14,domain_controller1,2020-02-24,00:00,file_3165.ppt
user15,workstation4,2020-02-19,00:00,file_2463.docx
user15,workstation2,2020-02-10,00:00,file_7022.xls
user15,workstation3,2020-02-18,00:00,file_3181.pdf
user15,workstation2,2020-03-08,00:00,file_1138.pdf
user15,workstation8,2020-02-14,00:00,file_4490.pdf
user15,workstation7,2020-03-19,00:00,file_8248.pdf
user15,workstation2,2020-01-13,00:00,file_3293.docx
user15,workstation10,2020-02-19,00:00,file_6759.ppt
user15,workstation6,2020-01-18,00:00,file_5059.xls
user15,fileserver1,2020-01-11,00:00,file_5065.xls
user15,fileserver3,2020-03-29,00:00,file_1439.xls
user15,workstation4,2020-03-07,00:00,file_9348.pdf
user16,workstation5,2020-03-23,00:00,file_1894.pdf
user16,workstation8,2020-02-19,00:00,file_2847.pdf
user16,workstation8,2020-03-22,00:00,file_2163.docx
user16,workstation6,2020-02-10,00:00,file_3162.ppt
user16,domain_controller1,2020-03-13,00:00,file_7895.xls
user16,workstation9,2020-03-28,00:00,file_3830.ppt
user16,fileserver3,2020-01-10,00:00,file_1273.docx
user16,workstation1,2020-02-03,00:00,file_4534.docx
user16,workstation1,2020-02-20,00:00,file_9300.xls
user16,fileserver1,2020-03-05,00:00,file_7806.ppt
user16,fileserver2,2020-02-21,00:00,file_2350.pdf
user16,workstation5,2020-01-11,00:00,file_6077.docx
user16,workstation9,2020-01-27,00:00,file_3545.xls
user16,workstation7,2020-03-16,00:00,file_2083.xls
user16,fileserver2,2020-02-25,00:00,file_4909.docx
user16,workstation4,2020-01-12,00:00,file_8118.docx
user16,workstation8,2020-03-19,00:00,file_1901.xls
user16,fileserver1,2020-03-25,00:00,file_3877.docx
user16,workstation1,2020-03-31,00:00,file_3248.docx
user16,workstation3,2020-03-04,00:00,file_6680.xls
user16,workstation3,2020-02-17,00:00,file_3079.xls
user16,fileserver2,2020-01-16,00:00,file_1480.xls
user17,workstation5,2020-03-08,00:00,file_2046.xls
user17,fileserver2,2020-03-14,00:00,file_2262.ppt
user17,workstation8,2020-03-06,00:00,file_6900.docx
user17,workstation8,2020-03-13,00:00,file_3734.xls
user17,workstation3,2020-02-02,00:00,file_2685.docx
user17,workstation4,2020-03-06,00:00,file_1042.docx
user17,domain_controller1,2020-01-02,00:00,file_5006.docx
user17,workstation8,2020-02-16,00:00,file_7274.pdf
user17,workstation3,2020-01-05,00:00,file_7870.pdf
user17,workstation6,2020-02-01,00:00,file_7819.xls
user17,workstation5,2020-01-10,00:00,file_7108.docx
user17,workstation9,2020-03-27,00:00,file_1862.pdf
user17,workstation4,2020-03-07,00:00,file_1752.ppt
user17,workstation2,2020-02-29,00:00,file_5625.xls
user17,workstation6,2020-01-12,00:00,file_8483.docx
user17,workstation6,2020-01-26,00:00,file_5777.xls
user17,fileserver2,2020-03-20,00:00,file_4974.ppt
user17,workstation6,2020-03-16,00:00,file_9083.pdf
user17,fileserver2,2020-03-10,00:00,file_5016.pdf
user17,workstation1,2020-02-22,00:00,file_1391.pdf
user17,workstation9,2020-02-14,00:00,file_1157.xls
user17,workstation1,2020-03-25,00:00,file_7164.xls
user17,workstation2,2020-01-27,00:00,file_9680.pdf
user18,workstation8,2020-01-08,00:00,file_3332.xls
user18,workstation2,2020-01-06,00:00,file_4792.ppt
user18,fileserver2,2020-02-17,00:00,file_8511.docx
user18,workstation10,2020-01-13,00:00,file_9280.pdf
user18,fileserver1,2020-02-20,00:00,file_2226.docx
user18,workstation7,2020-03-25,00:00,file_3141.pdf
user18,workstation5,2020-02-03,00:00,file_6161.ppt
user18,fileserver2,2020-02-11,00:00,file_6211.ppt
user18,workstation5,2020-01-30,00:00,file_2223.pdf
user18,workstation3,2020-03-15,00:00,file_2785.pdf
user18,workstation2,2020-01-22,00:00,file_8365.ppt
user18,workstation6,2020-02-22,00:00,file_2978.xls
user18,fileserver3,2020-01-27,00:00,file_8404.xls
user18,workstation8,2020-02-03,00:00,file_2964.docx
user18,workstation3,2020-03-28,00:00,file_5984.docx
user18,workstation4,2020-02-11,00:00,file_3430.docx
user18,fileserver2,2020-02-01,00:00,file_6828.ppt
user18,workstation9,2020-01-07,00:00,file_5896.xls
user18,domain_controller1,2020-01-23,00:00,file_1509.ppt
user18,domain_controller1,2020-02-27,00:00,file_5093.docx
user18,workstation8,2020-01-14,00:00,file_3290.docx
user18,workstation1,2020-01-08,00:00,file_4641.pdf
user18,workstation4,2020-02-21,00:00,file_7098.docx
user19,workstation10,2020-02-03,00:00,file_2228.docx
user19,workstation2,2020-01-26,00:00,file_8265.pdf
user19,workstation2,2020-02-12,00:00,file_3007.docx
user19,workstation8,2020-01-07,00:00,file_3752.ppt
user19,domain_controller1,2020-02-20,00:00,file_9128.docx
user19,workstation7,2020-03-28,00:00,file_7990.pdf
user19,workstation6,2020-01-28,00:00,file_4066.xls
user19,workstation5,2020-02-27,00:00,file_3435.docx
user19,workstation10,2020-03-20,00:00,file_5026.xls
user19,workstation8,2020-02-22,00:00,file_8848.docx
user19,workstation2,2020-02-05,00:00,file_7275.pdf
user19,workstation7,2020-01-26,00:00,file_9614.pdf
user19,fileserver1,2020-03-10,00:00,file_1319.ppt
user19,fileserver3,2020-02-15,00:00,file_8859.ppt
user19,workstation6,2020-03-13,00:00,file_9231.xls
user19,workstation7,2020-02-04,00:00,file_3946.docx
user19,workstation6,2020-03-17,00:00,file_4588.docx
user19,fileserver3,2020-02-05,00:00,file_1959.ppt
user19,workstation9,2020-02-15,00:00,file_4813.pdf
user19,workstation2,2020-02-01,00:00,file_4951.xls
user19,workstation9,2020-01-08,00:00,file_4594.ppt
user19,workstation6,2020-01-23,00:00,file_3885.pdf
user19,workstation10,2020-02-10,00:00,file_6878.docx
user19,fileserver2,2020-03-30,00:00,file_6761.pdf
user19,workstation10,2020-01-25,00:00,file_9064.xls
user19,workstation3,2020-03-03,00:00,file_1621.docx
user19,workstation1,2020-01-30,00:00,file_4584.docx
user19,workstation9,2020-03-02,00:00,file_1011.xls
user20,workstation4,2020-01-17,00:00,file_6582.pdf
user20,fileserver3,2020-02-11,00:00,file_1975.docx
user20,workstation3,2020-03-16,00:00,file_3320.docx
user20,domain_controller1,2020-03-08,00:00,file_6978.docx
user20,workstation6,2020-03-31,00:00,file_7481.docx
user20,workstation6,2020-02-08,00:00,file_6285.pdf
user20,workstation3,2020-02-25,00:00,file_8982.xls
user20,workstation3,2020-03-31,00:00,file_6846.pdf
user20,fileserver1,2020-03-16,00:00,file_3872.ppt
user20,workstation5,2020-03-29,00:00,file_5825.pdf
user20,workstation3,2020-01-01,00:00,file_7415.docx
user20,workstation3,2020-03-18,00:00,file_6213.pdf
user20,fileserver1,2020-03-13,00:00,file_2705.ppt
user20,workstation3,2020-02-12,00:00,file_2274.pdf
user20,workstation6,2020-02-10,00:00,file_3750.docx
user20,domain_controller1,2020-03-31,00:00,file_6500.ppt
user20,workstation1,2020-02-03,00:00,file_4435.pdf
user20,fileserver2,2020-01-09,00:00,file_6742.xls
user20,fileserver3,2020-01-14,00:00,file_1020.docx
user20,workstation7,2020-02-26,00:00,file_7875.pdf
user20,workstation7,2020-03-04,00:00,file_7204.xls
user20,workstation9,2020-02-18,00:00,file_2661.ppt
user20,fileserver3,2020-03-14,00:00,file_4695.pdf
user20,workstation8,2020-01-10,00:00,file_1547.xls
user20,workstation1,2020-02-10,00:00,file_5278.docx
user20,workstation2,2020-02-13,00:00,file_3787.ppt
user20,workstation3,2020-01-10,00:00,file_9962.docx
user20,workstation6,2020-03-17,00:00,file_8909.docx
user20,workstation7,2020-03-24,00:00,file_3703.ppt
user21,workstation1,2020-01-13,00:00,file_6424.pdf
user21,workstation4,2020-02-22,00:00,file_9849.xls
user21,fileserver1,2020-02-06,00:00,file_5872.pdf
user21,workstation2,2020-01-07,00:00,file_7437.ppt
user21,workstation3,2020-01-07,00:00,file_6911.docx
user21,workstation7,2020-01-12,00:00,file_5825.ppt
user21,workstation4,2020-01-13,00:00,file_1421.pdf
user21,workstation3,2020-03-22,00:00,file_5781.docx
user21,workstation8,2020-01-15,00:00,file_6052.ppt
user21,workstation8,2020-03-03,00:00,file_5341.docx
user21,fileserver1,2020-03-10,00:00,file_7349.pdf
user21,workstation6,2020-02-18,00:00,file_7052.pdf
user21,workstation8,2020-01-06,00:00,file_5313.ppt
user21,workstation8,2020-02-03,00:00,file_4706.xls
user21,workstation10,2020-01-08,00:00,file_3476.docx
user22,fileserver1,2020-02-14,00:00,file_9871.ppt
user22,fileserver3,2020-03-16,00:00,file_4727.docx
user22,domain_controller1,2020-02-19,00:00,file_9561.ppt
user22,workstation9,2020-03-28,00:00,file_8779.pdf
user22,workstation8,2020-02-08,00:00,file_2293.ppt
user22,domain_controller1,2020-01-05,00:00,file_9226.pdf
user22,workstation2,2020-02-27,00:00,file_3832.pdf
user22,workstation4,2020-01-25,00:00,file_3067.docx
user22,workstation7,2020-01-11,00:00,file_8133.pdf
user22,domain_controller1,2020-03-21,00:00,file_3422.xls
user22,workstation6,2020-01-09,00:00,file_2425.ppt
user22,workstation9,2020-02-20,00:00,file_6343.xls
user23,workstation8,2020-01-02,00:00,file_9561.ppt
user23,workstation2,2020-02-23,00:00,file_3451.pdf
user23,workstation10,2020-03-16,00:00,file_2641.docx
user23,workstation10,2020-01-13,00:00,file_5687.xls
user23,workstation7,2020-02-03,00:00,file_7275.ppt
user23,workstation10,2020-03-18,00:00,file_8750.docx
user23,workstation3,2020-02-05,00:00,file_7602.pdf
user23,workstation10,2020-03-18,00:00,file_7581.docx
user23,workstation7,2020-02-12,00:00,file_4892.docx
user23,fileserver2,2020-03-01,00:00,file_5400.xls
user23,workstation1,2020-02-13,00:00,file_5965.xls
user23,workstation5,2020-03-03,00:00,file_2609.pdf
user23,workstation3,2020-02-08,00:00,file_8259.xls
user23,workstation5,2020-02-23,00:00,file_2462.pdf
user23,workstation8,2020-01-28,00:00,file_7671.ppt
user23,fileserver3,2020-03-07,00:00,file_7126.docx
user23,workstation9,2020-01-21,00:00,file_2075.xls
user23,fileserver2,2020-03-05,00:00,file_7609.pdf
user23,fileserver3,2020-03-08,00:00,file_1474.pdf
user23,workstation4,2020-01-26,00:00,file_1944.pdf
user23,workstation1,2020-02-28,00:00,file_1828.xls
user23,fileserver2,2020-01-26,00:00,file_5488.xls
user23,domain_controller1,2020-02-29,00:00,file_9275.ppt
user23,fileserver1,2020-01-16,00:00,file_1500.pdf
user23,workstation6,2020-03-03,00:00,file_8308.pdf
user23,domain_controller1,2020-03-01,00:00,file_6730.xls
user24,domain_controller1,2020-02-03,00:00,file_2480.xls
user24,workstation1,2020-02-19,00:00,file_1813.pdf
user24,domain_controller1,2020-03-14,00:00,file_4511.pdf
user24,fileserver1,2020-01-29,00:00,file_4387.xls
user24,fileserver1,2020-02-22,00:00,file_9409.docx
user24,domain_controller1,2020-03-28,00:00,file_1145.ppt
user24,workstation3,2020-03-23,00:00,file_3837.docx
user24,workstation4,2020-02-02,00:00,file_6004.xls
user24,workstation7,2020-02-18,00:00,file_6713.ppt
user24,workstation5,2020-01-28,00:00,file_8646.xls
user24,fileserver1,2020-03-07,00:00,file_7506.docx
user24,workstation1,2020-03-06,00:00,file_7131.xls
user24,workstation5,2020-03-28,00:00,file_2771.ppt
user24,workstation2,2020-02-13,00:00,file_5529.xls
user24,domain_controller1,2020-02-05,00:00,file_5278.xls
user25,workstation3,2020-03-07,00:00,file_4937.docx
user25,fileserver3,2020-03-17,00:00,file_7620.xls
user25,fileserver1,2020-01-18,00:00,file_1417.ppt
user25,workstation5,2020-02-03,00:00,file_7857.ppt
user25,workstation7,2020-01-05,00:00,file_4111.xls
user25,fileserver2,2020-01-29,00:00,file_9759.ppt
user25,fileserver1,2020-02-15,00:00,file_9311.xls
user25,domain_controller1,2020-01-22,00:00,file_3967.xls
user25,workstation2,2020-03-01,00:00,file_3096.xls
user25,fileserver2,2020-03-12,00:00,file_3999.xls
user25,fileserver1,2020-01-12,00:00,file_4641.xls
user25,workstation4,2020-02-09,00:00,file_7889.xls
user25,workstation6,2020-02-03,00:00,file_5817.ppt
user25,domain_controller1,2020-01-16,00:00,file_8709.docx
user25,domain_controller1,2020-03-22,00:00,file_2166.ppt
user25,workstation4,2020-03-05,00:00,file_2963.ppt
user26,workstation5,2020-02-22,00:00,file_1885.pdf
user26,workstation3,2020-01-26,00:00,file_6614.ppt
user26,workstation10,2020-02-28,00:00,file_3346.xls
user26,domain_controller1,2020-01-24,00:00,file_2324.ppt
user26,workstation6,2020-03-21,00:00,file_3897.xls
user26,fileserver1,2020-01-08,00:00,file_1077.ppt
user26,workstation5,2020-01-27,00:00,file_3762.pdf
user26,workstation8,2020-01-12,00:00,file_3120.ppt
user26,fileserver1,2020-02-24,00:00,file_7609.ppt
user26,workstation8,2020-02-19,00:00,file_1076.docx
user26,workstation9,2020-01-26,00:00,file_7112.docx
user26,workstation6,2020-03-08,00:00,file_4122.docx
user26,fileserver1,2020-01-01,00:00,file_5076.pdf
user26,fileserver2,2020-02-14,00:00,file_6113.pdf
user26,workstation2,2020-02-19,00:00,file_9246.xls
user26,workstation3,2020-01-09,00:00,file_1749.xls
user26,workstation5,2020-02-28,00:00,file_9524.xls
user26,workstation7,2020-03-28,00:00,file_3192.xls
user26,workstation8,2020-02-15,00:00,file_4087.pdf
user26,fileserver3,2020-02-21,00:00,file_1313.pdf
user26,workstation4,2020-01-17,00:00,file_4460.docx
user26,workstation10,2020-03-05,00:00,file_3768.docx
user26,workstation6,2020-03-24,00:00,file_1612.ppt
user26,fileserver1,2020-02-02,00:00,file_9761.docx
user26,workstation10,2020-01-07,00:00,file_2771.docx
user26,workstation1,2020-03-29,00:00,file_2897.ppt
user27,workstation7,2020-01-16,00:00,file_9966.xls
user27,workstation8,2020-03-30,00:00,file_3508.pdf
user27,fileserver2,2020-03-28,00:00,file_1152.xls
user27,workstation7,2020-03-25,00:00,file_2654.xls
user27,workstation10,2020-03-18,00:00,file_3247.ppt
user27,domain_controller1,2020-01-14,00:00,file_9381.docx
user27,workstation5,2020-01-15,00:00,file_2741.ppt
user27,workstation4,2020-03-18,00:00,file_4272.xls
user27,domain_controller1,2020-03-07,00:00,file_4304.xls
user27,fileserver2,2020-02-22,00:00,file_5839.pdf
user27,workstation1,2020-03-11,00:00,file_9132.pdf
user27,fileserver2,2020-03-02,00:00,file_6416.pdf
user27,workstation1,2020-01-02,00:00,file_2458.docx
user27,domain_controller1,2020-03-14,00:00,file_9095.pdf
user27,workstation2,2020-03-06,00:00,file_2229.docx
user27,workstation5,2020-03-23,00:00,file_4787.ppt
user27,workstation5,2020-02-03,00:00,file_8606.docx
user27,workstation2,2020-01-23,00:00,file_1646.xls
user27,workstation6,2020-03-27,00:00,file_6123.ppt
user27,fileserver2,2020-01-15,00:00,file_2556.docx
user27,workstation1,2020-01-18,00:00,file_3793.xls
user27,workstation6,2020-02-26,00:00,file_5395.docx
user27,workstation6,2020-02-13,00:00,file_3996.docx
user27,workstation7,2020-02-21,00:00,file_8479.xls
user28,fileserver2,2020-03-02,00:00,file_7909.pdf
user28,workstation2,2020-01-17,00:00,file_1960.pdf
user28,workstation2,2020-02-23,00:00,file_8908.ppt
user28,workstation3,2020-03-19,00:00,file_7221.xls
user28,workstation10,2020-01-04,00:00,file_3140.ppt
user28,workstation8,2020-01-15,00:00,file_7738.ppt
user28,workstation1,2020-01-09,00:00,file_5286.xls
user28,workstation1,2020-03-31,00:00,file_9598.pdf
user28,fileserver1,2020-02-13,00:00,file_9504.docx
user28,workstation7,2020-03-25,00:00,file_5072.ppt
user28,workstation6,2020-03-25,00:00,file_7305.pdf
user28,domain_controller1,2020-03-12,00:00,file_1894.docx
user28,fileserver1,2020-01-21,00:00,file_9283.ppt
user28,domain_controller1,2020-03-04,00:00,file_3709.docx
user28,fileserver3,2020-03-03,00:00,file_6253.pdf
user28,workstation6,2020-02-05,00:00,file_1824.pdf
user28,workstation9,2020-03-23,00:00,file_7203.ppt
user28,domain_controller1,2020-01-31,00:00,file_2291.ppt
user28,workstation8,2020-03-14,00:00,file_8341.docx
user28,domain_controller1,2020-03-04,00:00,file_8324.xls
user28,workstation2,2020-03-04,00:00,file_1291.docx
user28,workstation7,2020-02-22,00:00,file_1587.docx
user29,fileserver3,2020-03-18,00:00,file_5990.pdf
user29,fileserver1,2020-03-26,00:00,file_8474.xls
user29,workstation6,2020-01-07,00:00,file_4652.ppt
user29,workstation6,2020-03-12,00:00,file_8751.xls
user29,fileserver2,2020-02-27,00:00,file_2868.docx
user29,fileserver3,2020-03-25,00:00,file_4633.docx
user29,workstation6,2020-02-15,00:00,file_5783.xls
user29,fileserver2,2020-01-14,00:00,file_1750.pdf
user29,workstation8,2020-01-18,00:00,file_7704.docx
user29,workstation5,2020-03-19,00:00,file_4209.pdf
user29,workstation2,2020-02-20,00:00,file_4532.ppt
user29,domain_controller1,2020-01-25,00:00,file_6536.docx
user30,workstation1,2020-03-22,00:00,file_3018.ppt
user30,workstation8,2020-03-25,00:00,file_9260.pdf
user30,workstation8,2020-01-01,00:00,file_9689.docx
user30,workstation9,2020-02-25,00:00,file_8912.pdf
user30,fileserver2,2020-03-15,00:00,file_3845.pdf
user30,workstation2,2020-02-19,00:00,file_6273.ppt
user30,workstation7,2020-03-18,00:00,file_5067.xls
user30,workstation7,2020-02-13,00:00,file_5819.ppt
user30,fileserver3,2020-01-18,00:00,file_3263.ppt
user30,workstation10,2020-03-30,00:00,file_9393.xls
user30,domain_controller1,2020-03-30,00:00,file_9975.xls
user30,fileserver2,2020-03-11,00:00,file_4560.pdf
user30,workstation4,2020-03-20,00:00,file_5760.xls
user30,fileserver1,2020-01-17,00:00,file_3913.xls
user30,fileserver2,2020-01-15,00:00,file_6771.ppt
user30,workstation10,2020-03-14,00:00,file_7839.xls
user30,domain_controller1,2020-02-24,00:00,file_1209.docx
user30,workstation1,2020-02-18,00:00,file_3381.docx
user30,fileserver1,2020-01-08,00:00,file_4275.xls
user30,fileserver3,2020-01-21,00:00,file_5695.xls
user30,workstation3,2020-01-08,00:00,file_5835.pdf
user30,fileserver3,2020-03-10,00:00,file_1529.xls
user30,domain_controller1,2020-02-27,00:00,file_2679.pdf
